sample_id,phase,worker,train_index,target_type_inferred,target_digest_recorded,entered_recovery,not_enter_reason_inferred,recovery_subgraph_size,num_recovery_sources_recorded,num_branches_generated,num_branches_strict_improve_checkpoint_inferred,num_branches_strict_improve_anchor_inferred,stop_reason_inferred,selection_reason,selection_decision,selected_is_repair_branch,selected_visible_tests,anchor_visible_tests,recording_note
mbpp:398,phase2,0,0,,,False,bypass_stable_anchor,0.0,,0,0,,,v4_4_code_bypass_stable_anchor,use_stage1_anchor,False,3/3,3/3,"target digest/source, stop reason and source count are not explicitly persisted in current checkpoint; *_inferred columns are heuristic."
mbpp:864,phase2,0,1,,,False,bypass_stable_anchor,0.0,,0,0,,,v4_4_code_bypass_stable_anchor,use_stage1_anchor,False,3/3,3/3,"target digest/source, stop reason and source count are not explicitly persisted in current checkpoint; *_inferred columns are heuristic."
mbpp:159,phase2,0,2,,,False,bypass_stable_anchor,0.0,,0,0,,,v4_4_code_bypass_stable_anchor,use_stage1_anchor,False,3/3,3/3,"target digest/source, stop reason and source count are not explicitly persisted in current checkpoint; *_inferred columns are heuristic."
mbpp:949,phase2,0,3,anchor_or_checkpoint,,True,,5.0,,3,0,,final_guard_rejected,v4_4_code_anchor_guard_preserve,use_stage1_anchor,False,0/3,0/3,"target digest/source, stop reason and source count are not explicitly persisted in current checkpoint; *_inferred columns are heuristic."
mbpp:297,phase2,0,4,,,False,bypass_stable_anchor,0.0,,0,0,,,v4_4_code_bypass_stable_anchor,use_stage1_anchor,False,3/3,3/3,"target digest/source, stop reason and source count are not explicitly persisted in current checkpoint; *_inferred columns are heuristic."
mbpp:660,phase2,0,5,,,False,bypass_stable_anchor,0.0,,0,0,,,v4_4_code_bypass_stable_anchor,use_stage1_anchor,False,3/3,3/3,"target digest/source, stop reason and source count are not explicitly persisted in current checkpoint; *_inferred columns are heuristic."
mbpp:109,phase2,0,6,,,False,bypass_stable_anchor,0.0,,0,0,,,v4_4_code_bypass_stable_anchor,use_stage1_anchor,False,3/3,3/3,"target digest/source, stop reason and source count are not explicitly persisted in current checkpoint; *_inferred columns are heuristic."
mbpp:859,phase2,0,7,anchor_or_checkpoint,,True,,3.0,,6,0,,final_guard_rejected,v4_4_code_anchor_guard_preserve,use_stage1_anchor,False,0/3,0/3,"target digest/source, stop reason and source count are not explicitly persisted in current checkpoint; *_inferred columns are heuristic."
mbpp:61,phase2,0,8,,,False,bypass_stable_anchor,0.0,,0,0,,,v4_4_code_bypass_stable_anchor,use_stage1_anchor,False,3/3,3/3,"target digest/source, stop reason and source count are not explicitly persisted in current checkpoint; *_inferred columns are heuristic."
mbpp:326,phase2,0,9,,,False,bypass_stable_anchor,0.0,,0,0,,,v4_4_code_bypass_stable_anchor,use_stage1_anchor,False,3/3,3/3,"target digest/source, stop reason and source count are not explicitly persisted in current checkpoint; *_inferred columns are heuristic."
mbpp:795,phase2,0,10,,,False,bypass_stable_anchor,0.0,,0,0,,,v4_4_code_bypass_stable_anchor,use_stage1_anchor,False,3/3,3/3,"target digest/source, stop reason and source count are not explicitly persisted in current checkpoint; *_inferred columns are heuristic."
mbpp:331,phase2,0,11,,,False,bypass_stable_anchor,0.0,,0,0,,,v4_4_code_bypass_stable_anchor,use_stage1_anchor,False,3/3,3/3,"target digest/source, stop reason and source count are not explicitly persisted in current checkpoint; *_inferred columns are heuristic."
mbpp:574,phase2,0,12,anchor_or_checkpoint,,True,,7.0,,3,0,,final_guard_rejected,v4_4_code_anchor_guard_preserve,use_stage1_anchor,False,0/3,0/3,"target digest/source, stop reason and source count are not explicitly persisted in current checkpoint; *_inferred columns are heuristic."
mbpp:197,phase2,0,13,,,False,bypass_stable_anchor,0.0,,0,0,,,v4_4_code_bypass_stable_anchor,use_stage1_anchor,False,3/3,3/3,"target digest/source, stop reason and source count are not explicitly persisted in current checkpoint; *_inferred columns are heuristic."
mbpp:142,phase2,0,14,anchor_or_checkpoint,,True,,5.0,,3,0,,final_guard_rejected,v4_4_code_anchor_guard_preserve,use_stage1_anchor,False,0/3,0/3,"target digest/source, stop reason and source count are not explicitly persisted in current checkpoint; *_inferred columns are heuristic."
mbpp:770,phase2,0,15,,,False,bypass_stable_anchor,0.0,,0,0,,,v4_4_code_bypass_stable_anchor,use_stage1_anchor,False,3/3,3/3,"target digest/source, stop reason and source count are not explicitly persisted in current checkpoint; *_inferred columns are heuristic."
mbpp:36,phase2,0,16,,,False,bypass_stable_anchor,0.0,,0,0,,,v4_4_code_bypass_stable_anchor,use_stage1_anchor,False,3/3,3/3,"target digest/source, stop reason and source count are not explicitly persisted in current checkpoint; *_inferred columns are heuristic."
mbpp:590,phase2,0,17,anchor_or_checkpoint,,True,,7.0,,3,0,,final_guard_rejected,v4_4_code_anchor_guard_preserve,use_stage1_anchor,False,0/3,0/3,"target digest/source, stop reason and source count are not explicitly persisted in current checkpoint; *_inferred columns are heuristic."
mbpp:341,phase2,0,18,,,False,bypass_stable_anchor,0.0,,0,0,,,v4_4_code_bypass_stable_anchor,use_stage1_anchor,False,3/3,3/3,"target digest/source, stop reason and source count are not explicitly persisted in current checkpoint; *_inferred columns are heuristic."
mbpp:581,phase2,0,19,,,False,bypass_stable_anchor,0.0,,0,0,,,v4_4_code_bypass_stable_anchor,use_stage1_anchor,False,3/3,3/3,"target digest/source, stop reason and source count are not explicitly persisted in current checkpoint; *_inferred columns are heuristic."
mbpp:680,phase2,0,20,,,False,bypass_stable_anchor,0.0,,0,0,,,v4_4_code_bypass_stable_anchor,use_stage1_anchor,False,3/3,3/3,"target digest/source, stop reason and source count are not explicitly persisted in current checkpoint; *_inferred columns are heuristic."
mbpp:455,phase2,0,21,,,False,bypass_stable_anchor,0.0,,0,0,,,v4_4_code_bypass_stable_anchor,use_stage1_anchor,False,3/3,3/3,"target digest/source, stop reason and source count are not explicitly persisted in current checkpoint; *_inferred columns are heuristic."
mbpp:939,phase2,0,22,,,False,bypass_stable_anchor,0.0,,0,0,,,v4_4_code_bypass_stable_anchor,use_stage1_anchor,False,3/3,3/3,"target digest/source, stop reason and source count are not explicitly persisted in current checkpoint; *_inferred columns are heuristic."
mbpp:461,phase2,0,23,anchor_or_checkpoint,,True,,4.0,,3,0,,final_guard_rejected,v4_4_code_anchor_guard_preserve,use_stage1_anchor,False,1/3,1/3,"target digest/source, stop reason and source count are not explicitly persisted in current checkpoint; *_inferred columns are heuristic."
mbpp:958,phase2,0,24,,,False,bypass_stable_anchor,0.0,,0,0,,,v4_4_code_bypass_stable_anchor,use_stage1_anchor,False,3/3,3/3,"target digest/source, stop reason and source count are not explicitly persisted in current checkpoint; *_inferred columns are heuristic."
mbpp:210,phase2,0,25,,,False,bypass_stable_anchor,0.0,,0,0,,,v4_4_code_bypass_stable_anchor,use_stage1_anchor,False,3/3,3/3,"target digest/source, stop reason and source count are not explicitly persisted in current checkpoint; *_inferred columns are heuristic."
mbpp:83,phase2,0,26,,,False,verified_class_override_before_recovery,0.0,,0,0,,,v4_4_code_override_verified_class,use_stage2_protocol,False,3/3,0/3,"target digest/source, stop reason and source count are not explicitly persisted in current checkpoint; *_inferred columns are heuristic."
mbpp:468,phase2,0,27,,,False,bypass_stable_anchor,0.0,,0,0,,,v4_4_code_bypass_stable_anchor,use_stage1_anchor,False,3/3,3/3,"target digest/source, stop reason and source count are not explicitly persisted in current checkpoint; *_inferred columns are heuristic."
mbpp:794,phase2,0,28,,,False,bypass_stable_anchor,0.0,,0,0,,,v4_4_code_bypass_stable_anchor,use_stage1_anchor,False,3/3,3/3,"target digest/source, stop reason and source count are not explicitly persisted in current checkpoint; *_inferred columns are heuristic."
mbpp:308,phase2,0,29,,,False,bypass_stable_anchor,0.0,,0,0,,,v4_4_code_bypass_stable_anchor,use_stage1_anchor,False,3/3,3/3,"target digest/source, stop reason and source count are not explicitly persisted in current checkpoint; *_inferred columns are heuristic."
mbpp:55,phase2,0,30,,,False,bypass_stable_anchor,0.0,,0,0,,,v4_4_code_bypass_stable_anchor,use_stage1_anchor,False,3/3,3/3,"target digest/source, stop reason and source count are not explicitly persisted in current checkpoint; *_inferred columns are heuristic."
mbpp:72,phase2,0,31,,,False,bypass_stable_anchor,0.0,,0,0,,,v4_4_code_bypass_stable_anchor,use_stage1_anchor,False,3/3,3/3,"target digest/source, stop reason and source count are not explicitly persisted in current checkpoint; *_inferred columns are heuristic."
mbpp:560,phase2,0,32,,,False,bypass_stable_anchor,0.0,,0,0,,,v4_4_code_bypass_stable_anchor,use_stage1_anchor,False,3/3,3/3,"target digest/source, stop reason and source count are not explicitly persisted in current checkpoint; *_inferred columns are heuristic."
mbpp:907,phase2,0,33,anchor_or_checkpoint,,True,,5.0,,3,0,,final_guard_rejected,v4_4_code_anchor_guard_preserve,use_stage1_anchor,False,0/3,0/3,"target digest/source, stop reason and source count are not explicitly persisted in current checkpoint; *_inferred columns are heuristic."
mbpp:721,phase2,0,34,,,False,bypass_stable_anchor,0.0,,0,0,,,v4_4_code_bypass_stable_anchor,use_stage1_anchor,False,3/3,3/3,"target digest/source, stop reason and source count are not explicitly persisted in current checkpoint; *_inferred columns are heuristic."
mbpp:621,phase2,0,35,,,False,bypass_stable_anchor,0.0,,0,0,,,v4_4_code_bypass_stable_anchor,use_stage1_anchor,False,3/3,3/3,"target digest/source, stop reason and source count are not explicitly persisted in current checkpoint; *_inferred columns are heuristic."
mbpp:618,phase2,0,36,,,False,bypass_stable_anchor,0.0,,0,0,,,v4_4_code_bypass_stable_anchor,use_stage1_anchor,False,3/3,3/3,"target digest/source, stop reason and source count are not explicitly persisted in current checkpoint; *_inferred columns are heuristic."
mbpp:952,phase2,0,37,anchor_or_checkpoint,,True,,5.0,,3,0,,final_guard_rejected,v4_4_code_anchor_guard_preserve,use_stage1_anchor,False,2/3,2/3,"target digest/source, stop reason and source count are not explicitly persisted in current checkpoint; *_inferred columns are heuristic."
mbpp:234,phase2,0,38,,,False,bypass_stable_anchor,0.0,,0,0,,,v4_4_code_bypass_stable_anchor,use_stage1_anchor,False,3/3,3/3,"target digest/source, stop reason and source count are not explicitly persisted in current checkpoint; *_inferred columns are heuristic."
mbpp:622,phase2,0,39,,,False,bypass_stable_anchor,0.0,,0,0,,,v4_4_code_bypass_stable_anchor,use_stage1_anchor,False,3/3,3/3,"target digest/source, stop reason and source count are not explicitly persisted in current checkpoint; *_inferred columns are heuristic."
mbpp:75,phase2,0,40,,,False,bypass_stable_anchor,0.0,,0,0,,,v4_4_code_bypass_stable_anchor,use_stage1_anchor,False,3/3,3/3,"target digest/source, stop reason and source count are not explicitly persisted in current checkpoint; *_inferred columns are heuristic."
mbpp:188,phase2,0,41,,,False,bypass_stable_anchor,0.0,,0,0,,,v4_4_code_bypass_stable_anchor,use_stage1_anchor,False,3/3,3/3,"target digest/source, stop reason and source count are not explicitly persisted in current checkpoint; *_inferred columns are heuristic."
mbpp:160,phase2,0,42,,,False,bypass_stable_anchor,0.0,,0,0,,,v4_4_code_bypass_stable_anchor,use_stage1_anchor,False,3/3,3/3,"target digest/source, stop reason and source count are not explicitly persisted in current checkpoint; *_inferred columns are heuristic."
mbpp:516,phase2,0,43,,,False,bypass_stable_anchor,0.0,,0,0,,,v4_4_code_bypass_stable_anchor,use_stage1_anchor,False,3/3,3/3,"target digest/source, stop reason and source count are not explicitly persisted in current checkpoint; *_inferred columns are heuristic."
mbpp:194,phase2,0,44,,,False,bypass_stable_anchor,0.0,,0,0,,,v4_4_code_bypass_stable_anchor,use_stage1_anchor,False,3/3,3/3,"target digest/source, stop reason and source count are not explicitly persisted in current checkpoint; *_inferred columns are heuristic."
mbpp:690,phase2,0,45,,,False,bypass_stable_anchor,0.0,,0,0,,,v4_4_code_bypass_stable_anchor,use_stage1_anchor,False,3/3,3/3,"target digest/source, stop reason and source count are not explicitly persisted in current checkpoint; *_inferred columns are heuristic."
mbpp:105,phase2,0,46,,,False,bypass_stable_anchor,0.0,,0,0,,,v4_4_code_bypass_stable_anchor,use_stage1_anchor,False,3/3,3/3,"target digest/source, stop reason and source count are not explicitly persisted in current checkpoint; *_inferred columns are heuristic."
mbpp:540,phase2,0,47,,,False,bypass_stable_anchor,0.0,,0,0,,,v4_4_code_bypass_stable_anchor,use_stage1_anchor,False,3/3,3/3,"target digest/source, stop reason and source count are not explicitly persisted in current checkpoint; *_inferred columns are heuristic."
mbpp:39,phase2,0,48,,,False,bypass_stable_anchor,0.0,,0,0,,,v4_4_code_bypass_stable_anchor,use_stage1_anchor,False,3/3,3/3,"target digest/source, stop reason and source count are not explicitly persisted in current checkpoint; *_inferred columns are heuristic."
mbpp:841,phase2,0,49,,,False,bypass_stable_anchor,0.0,,0,0,,,v4_4_code_bypass_stable_anchor,use_stage1_anchor,False,3/3,3/3,"target digest/source, stop reason and source count are not explicitly persisted in current checkpoint; *_inferred columns are heuristic."
mbpp:52,phase2,1,0,,,False,bypass_stable_anchor,0.0,,0,0,,,v4_4_code_bypass_stable_anchor,use_stage1_anchor,False,3/3,3/3,"target digest/source, stop reason and source count are not explicitly persisted in current checkpoint; *_inferred columns are heuristic."
mbpp:791,phase2,1,1,,,False,bypass_stable_anchor,0.0,,0,0,,,v4_4_code_bypass_stable_anchor,use_stage1_anchor,False,3/3,3/3,"target digest/source, stop reason and source count are not explicitly persisted in current checkpoint; *_inferred columns are heuristic."
mbpp:698,phase2,1,2,,,False,bypass_stable_anchor,0.0,,0,0,,,v4_4_code_bypass_stable_anchor,use_stage1_anchor,False,3/3,3/3,"target digest/source, stop reason and source count are not explicitly persisted in current checkpoint; *_inferred columns are heuristic."
mbpp:874,phase2,1,3,,,False,bypass_stable_anchor,0.0,,0,0,,,v4_4_code_bypass_stable_anchor,use_stage1_anchor,False,3/3,3/3,"target digest/source, stop reason and source count are not explicitly persisted in current checkpoint; *_inferred columns are heuristic."
mbpp:469,phase2,1,4,,,False,bypass_stable_anchor,0.0,,0,0,,,v4_4_code_bypass_stable_anchor,use_stage1_anchor,False,3/3,3/3,"target digest/source, stop reason and source count are not explicitly persisted in current checkpoint; *_inferred columns are heuristic."
mbpp:174,phase2,1,5,,,False,bypass_stable_anchor,0.0,,0,0,,,v4_4_code_bypass_stable_anchor,use_stage1_anchor,False,3/3,3/3,"target digest/source, stop reason and source count are not explicitly persisted in current checkpoint; *_inferred columns are heuristic."
mbpp:833,phase2,1,6,,,False,bypass_stable_anchor,0.0,,0,0,,,v4_4_code_bypass_stable_anchor,use_stage1_anchor,False,3/3,3/3,"target digest/source, stop reason and source count are not explicitly persisted in current checkpoint; *_inferred columns are heuristic."
mbpp:669,phase2,1,7,,,False,bypass_stable_anchor,0.0,,0,0,,,v4_4_code_bypass_stable_anchor,use_stage1_anchor,False,3/3,3/3,"target digest/source, stop reason and source count are not explicitly persisted in current checkpoint; *_inferred columns are heuristic."
mbpp:735,phase2,1,8,anchor_or_checkpoint,,True,,6.0,,3,0,,final_guard_rejected,v4_4_code_anchor_guard_preserve,use_stage1_anchor,False,0/3,0/3,"target digest/source, stop reason and source count are not explicitly persisted in current checkpoint; *_inferred columns are heuristic."
mbpp:323,phase2,1,9,anchor_or_checkpoint,,True,,4.0,,3,0,,final_guard_rejected,v4_4_code_anchor_guard_preserve,use_stage1_anchor,False,0/3,0/3,"target digest/source, stop reason and source count are not explicitly persisted in current checkpoint; *_inferred columns are heuristic."
mbpp:74,phase2,1,10,,,False,bypass_stable_anchor,0.0,,0,0,,,v4_4_code_bypass_stable_anchor,use_stage1_anchor,False,3/3,3/3,"target digest/source, stop reason and source count are not explicitly persisted in current checkpoint; *_inferred columns are heuristic."
mbpp:167,phase2,1,11,,,False,bypass_stable_anchor,0.0,,0,0,,,v4_4_code_bypass_stable_anchor,use_stage1_anchor,False,3/3,3/3,"target digest/source, stop reason and source count are not explicitly persisted in current checkpoint; *_inferred columns are heuristic."
mbpp:489,phase2,1,12,,,False,bypass_stable_anchor,0.0,,0,0,,,v4_4_code_bypass_stable_anchor,use_stage1_anchor,False,3/3,3/3,"target digest/source, stop reason and source count are not explicitly persisted in current checkpoint; *_inferred columns are heuristic."
mbpp:972,phase2,1,13,,,False,bypass_stable_anchor,0.0,,0,0,,,v4_4_code_bypass_stable_anchor,use_stage1_anchor,False,3/3,3/3,"target digest/source, stop reason and source count are not explicitly persisted in current checkpoint; *_inferred columns are heuristic."
mbpp:550,phase2,1,14,,,False,bypass_stable_anchor,0.0,,0,0,,,v4_4_code_bypass_stable_anchor,use_stage1_anchor,False,3/3,3/3,"target digest/source, stop reason and source count are not explicitly persisted in current checkpoint; *_inferred columns are heuristic."
mbpp:22,phase2,1,15,,,False,bypass_stable_anchor,0.0,,0,0,,,v4_4_code_bypass_stable_anchor,use_stage1_anchor,False,3/3,3/3,"target digest/source, stop reason and source count are not explicitly persisted in current checkpoint; *_inferred columns are heuristic."
mbpp:302,phase2,1,16,,,False,bypass_stable_anchor,0.0,,0,0,,,v4_4_code_bypass_stable_anchor,use_stage1_anchor,False,3/3,3/3,"target digest/source, stop reason and source count are not explicitly persisted in current checkpoint; *_inferred columns are heuristic."
mbpp:527,phase2,1,17,,,False,bypass_stable_anchor,0.0,,0,0,,,v4_4_code_bypass_stable_anchor,use_stage1_anchor,False,3/3,3/3,"target digest/source, stop reason and source count are not explicitly persisted in current checkpoint; *_inferred columns are heuristic."
mbpp:706,phase2,1,18,,,False,bypass_stable_anchor,0.0,,0,0,,,v4_4_code_bypass_stable_anchor,use_stage1_anchor,False,3/3,3/3,"target digest/source, stop reason and source count are not explicitly persisted in current checkpoint; *_inferred columns are heuristic."
mbpp:149,phase2,1,19,,,False,bypass_stable_anchor,0.0,,0,0,,,v4_4_code_bypass_stable_anchor,use_stage1_anchor,False,3/3,3/3,"target digest/source, stop reason and source count are not explicitly persisted in current checkpoint; *_inferred columns are heuristic."
mbpp:796,phase2,1,20,,,False,bypass_stable_anchor,0.0,,0,0,,,v4_4_code_bypass_stable_anchor,use_stage1_anchor,False,3/3,3/3,"target digest/source, stop reason and source count are not explicitly persisted in current checkpoint; *_inferred columns are heuristic."
mbpp:902,phase2,1,21,,,False,bypass_stable_anchor,0.0,,0,0,,,v4_4_code_bypass_stable_anchor,use_stage1_anchor,False,3/3,3/3,"target digest/source, stop reason and source count are not explicitly persisted in current checkpoint; *_inferred columns are heuristic."
mbpp:138,phase2,1,22,anchor_or_checkpoint,,True,,7.0,,3,0,,final_guard_rejected,v4_4_code_anchor_guard_preserve,use_stage1_anchor,False,2/3,2/3,"target digest/source, stop reason and source count are not explicitly persisted in current checkpoint; *_inferred columns are heuristic."
mbpp:526,phase2,1,23,,,False,bypass_stable_anchor,0.0,,0,0,,,v4_4_code_bypass_stable_anchor,use_stage1_anchor,False,3/3,3/3,"target digest/source, stop reason and source count are not explicitly persisted in current checkpoint; *_inferred columns are heuristic."
mbpp:953,phase2,1,24,,,False,bypass_stable_anchor,0.0,,0,0,,,v4_4_code_bypass_stable_anchor,use_stage1_anchor,False,3/3,3/3,"target digest/source, stop reason and source count are not explicitly persisted in current checkpoint; *_inferred columns are heuristic."
mbpp:88,phase2,1,25,,,False,bypass_stable_anchor,0.0,,0,0,,,v4_4_code_bypass_stable_anchor,use_stage1_anchor,False,3/3,3/3,"target digest/source, stop reason and source count are not explicitly persisted in current checkpoint; *_inferred columns are heuristic."
mbpp:497,phase2,1,26,,,False,bypass_stable_anchor,0.0,,0,0,,,v4_4_code_bypass_stable_anchor,use_stage1_anchor,False,3/3,3/3,"target digest/source, stop reason and source count are not explicitly persisted in current checkpoint; *_inferred columns are heuristic."
mbpp:577,phase2,1,27,,,False,bypass_stable_anchor,0.0,,0,0,,,v4_4_code_bypass_stable_anchor,use_stage1_anchor,False,3/3,3/3,"target digest/source, stop reason and source count are not explicitly persisted in current checkpoint; *_inferred columns are heuristic."
mbpp:29,phase2,1,28,,,False,bypass_stable_anchor,0.0,,0,0,,,v4_4_code_bypass_stable_anchor,use_stage1_anchor,False,3/3,3/3,"target digest/source, stop reason and source count are not explicitly persisted in current checkpoint; *_inferred columns are heuristic."
mbpp:764,phase2,1,29,,,False,bypass_stable_anchor,0.0,,0,0,,,v4_4_code_bypass_stable_anchor,use_stage1_anchor,False,3/3,3/3,"target digest/source, stop reason and source count are not explicitly persisted in current checkpoint; *_inferred columns are heuristic."
mbpp:225,phase2,1,30,,,False,bypass_stable_anchor,0.0,,0,0,,,v4_4_code_bypass_stable_anchor,use_stage1_anchor,False,3/3,3/3,"target digest/source, stop reason and source count are not explicitly persisted in current checkpoint; *_inferred columns are heuristic."
mbpp:363,phase2,1,31,,,False,bypass_stable_anchor,0.0,,0,0,,,v4_4_code_bypass_stable_anchor,use_stage1_anchor,False,3/3,3/3,"target digest/source, stop reason and source count are not explicitly persisted in current checkpoint; *_inferred columns are heuristic."
mbpp:305,phase2,1,32,,,False,bypass_stable_anchor,0.0,,0,0,,,v4_4_code_bypass_stable_anchor,use_stage1_anchor,False,3/3,3/3,"target digest/source, stop reason and source count are not explicitly persisted in current checkpoint; *_inferred columns are heuristic."
mbpp:477,phase2,1,33,,,False,bypass_stable_anchor,0.0,,0,0,,,v4_4_code_bypass_stable_anchor,use_stage1_anchor,False,3/3,3/3,"target digest/source, stop reason and source count are not explicitly persisted in current checkpoint; *_inferred columns are heuristic."
mbpp:454,phase2,1,34,anchor_or_checkpoint,,True,,7.0,,2,1,,fully_pass,v4_4_code_reinsert_recollapse,use_stage2_protocol,True,3/3,2/3,"target digest/source, stop reason and source count are not explicitly persisted in current checkpoint; *_inferred columns are heuristic."
mbpp:645,phase2,1,35,anchor_or_checkpoint,,True,,5.0,,2,0,,final_guard_rejected,v4_4_code_anchor_guard_preserve,use_stage1_anchor,False,0/3,0/3,"target digest/source, stop reason and source count are not explicitly persisted in current checkpoint; *_inferred columns are heuristic."
mbpp:46,phase2,1,36,,,False,bypass_stable_anchor,0.0,,0,0,,,v4_4_code_bypass_stable_anchor,use_stage1_anchor,False,3/3,3/3,"target digest/source, stop reason and source count are not explicitly persisted in current checkpoint; *_inferred columns are heuristic."
mbpp:270,phase2,1,37,,,False,bypass_stable_anchor,0.0,,0,0,,,v4_4_code_bypass_stable_anchor,use_stage1_anchor,False,3/3,3/3,"target digest/source, stop reason and source count are not explicitly persisted in current checkpoint; *_inferred columns are heuristic."
mbpp:118,phase2,1,38,,,False,bypass_stable_anchor,0.0,,0,0,,,v4_4_code_bypass_stable_anchor,use_stage1_anchor,False,3/3,3/3,"target digest/source, stop reason and source count are not explicitly persisted in current checkpoint; *_inferred columns are heuristic."
mbpp:106,phase2,1,39,,,False,bypass_stable_anchor,0.0,,0,0,,,v4_4_code_bypass_stable_anchor,use_stage1_anchor,False,3/3,3/3,"target digest/source, stop reason and source count are not explicitly persisted in current checkpoint; *_inferred columns are heuristic."
mbpp:853,phase2,1,40,,,False,bypass_stable_anchor,0.0,,0,0,,,v4_4_code_bypass_stable_anchor,use_stage1_anchor,False,3/3,3/3,"target digest/source, stop reason and source count are not explicitly persisted in current checkpoint; *_inferred columns are heuristic."
mbpp:673,phase2,1,41,,,False,bypass_stable_anchor,0.0,,0,0,,,v4_4_code_bypass_stable_anchor,use_stage1_anchor,False,3/3,3/3,"target digest/source, stop reason and source count are not explicitly persisted in current checkpoint; *_inferred columns are heuristic."
mbpp:322,phase2,1,42,,,False,bypass_stable_anchor,0.0,,0,0,,,v4_4_code_bypass_stable_anchor,use_stage1_anchor,False,3/3,3/3,"target digest/source, stop reason and source count are not explicitly persisted in current checkpoint; *_inferred columns are heuristic."
mbpp:362,phase2,1,43,anchor_or_checkpoint,,True,,7.0,,3,0,,final_guard_rejected,v4_4_code_anchor_guard_preserve,use_stage1_anchor,False,2/3,2/3,"target digest/source, stop reason and source count are not explicitly persisted in current checkpoint; *_inferred columns are heuristic."
mbpp:668,phase2,1,44,,,False,bypass_stable_anchor,0.0,,0,0,,,v4_4_code_bypass_stable_anchor,use_stage1_anchor,False,3/3,3/3,"target digest/source, stop reason and source count are not explicitly persisted in current checkpoint; *_inferred columns are heuristic."
mbpp:653,phase2,1,45,,,False,bypass_stable_anchor,0.0,,0,0,,,v4_4_code_bypass_stable_anchor,use_stage1_anchor,False,3/3,3/3,"target digest/source, stop reason and source count are not explicitly persisted in current checkpoint; *_inferred columns are heuristic."
mbpp:249,phase2,1,46,,,False,bypass_stable_anchor,0.0,,0,0,,,v4_4_code_bypass_stable_anchor,use_stage1_anchor,False,3/3,3/3,"target digest/source, stop reason and source count are not explicitly persisted in current checkpoint; *_inferred columns are heuristic."
mbpp:576,phase2,1,47,,,False,bypass_stable_anchor,0.0,,0,0,,,v4_4_code_bypass_stable_anchor,use_stage1_anchor,False,3/3,3/3,"target digest/source, stop reason and source count are not explicitly persisted in current checkpoint; *_inferred columns are heuristic."
mbpp:285,phase2,1,48,anchor_or_checkpoint,,True,,4.0,,3,0,,final_guard_rejected,v4_4_code_anchor_guard_preserve,use_stage1_anchor,False,2/3,2/3,"target digest/source, stop reason and source count are not explicitly persisted in current checkpoint; *_inferred columns are heuristic."
mbpp:405,phase2,1,49,,,False,bypass_stable_anchor,0.0,,0,0,,,v4_4_code_bypass_stable_anchor,use_stage1_anchor,False,3/3,3/3,"target digest/source, stop reason and source count are not explicitly persisted in current checkpoint; *_inferred columns are heuristic."
mbpp:506,phase2,1,50,,,False,bypass_stable_anchor,0.0,,0,0,,,v4_4_code_bypass_stable_anchor,use_stage1_anchor,False,3/3,3/3,"target digest/source, stop reason and source count are not explicitly persisted in current checkpoint; *_inferred columns are heuristic."
mbpp:480,phase2,1,51,,,False,bypass_stable_anchor,0.0,,0,0,,,v4_4_code_bypass_stable_anchor,use_stage1_anchor,False,3/3,3/3,"target digest/source, stop reason and source count are not explicitly persisted in current checkpoint; *_inferred columns are heuristic."
mbpp:722,phase2,1,52,,,False,bypass_stable_anchor,0.0,,0,0,,,v4_4_code_bypass_stable_anchor,use_stage1_anchor,False,3/3,3/3,"target digest/source, stop reason and source count are not explicitly persisted in current checkpoint; *_inferred columns are heuristic."
mbpp:474,phase2,1,53,,,False,bypass_stable_anchor,0.0,,0,0,,,v4_4_code_bypass_stable_anchor,use_stage1_anchor,False,3/3,3/3,"target digest/source, stop reason and source count are not explicitly persisted in current checkpoint; *_inferred columns are heuristic."
mbpp:130,phase2,1,54,,,False,bypass_stable_anchor,0.0,,0,0,,,v4_4_code_bypass_stable_anchor,use_stage1_anchor,False,3/3,3/3,"target digest/source, stop reason and source count are not explicitly persisted in current checkpoint; *_inferred columns are heuristic."
mbpp:185,phase2,1,55,,,False,bypass_stable_anchor,0.0,,0,0,,,v4_4_code_bypass_stable_anchor,use_stage1_anchor,False,3/3,3/3,"target digest/source, stop reason and source count are not explicitly persisted in current checkpoint; *_inferred columns are heuristic."
mbpp:498,phase2,1,56,,,False,bypass_stable_anchor,0.0,,0,0,,,v4_4_code_bypass_stable_anchor,use_stage1_anchor,False,3/3,3/3,"target digest/source, stop reason and source count are not explicitly persisted in current checkpoint; *_inferred columns are heuristic."
mbpp:85,phase2,1,57,,,False,bypass_stable_anchor,0.0,,0,0,,,v4_4_code_bypass_stable_anchor,use_stage1_anchor,False,3/3,3/3,"target digest/source, stop reason and source count are not explicitly persisted in current checkpoint; *_inferred columns are heuristic."
mbpp:830,phase2,1,58,,,False,bypass_stable_anchor,0.0,,0,0,,,v4_4_code_bypass_stable_anchor,use_stage1_anchor,False,3/3,3/3,"target digest/source, stop reason and source count are not explicitly persisted in current checkpoint; *_inferred columns are heuristic."
mbpp:901,phase2,1,59,,,False,bypass_stable_anchor,0.0,,0,0,,,v4_4_code_bypass_stable_anchor,use_stage1_anchor,False,3/3,3/3,"target digest/source, stop reason and source count are not explicitly persisted in current checkpoint; *_inferred columns are heuristic."
mbpp:126,phase2,1,60,,,False,bypass_stable_anchor,0.0,,0,0,,,v4_4_code_bypass_stable_anchor,use_stage1_anchor,False,3/3,3/3,"target digest/source, stop reason and source count are not explicitly persisted in current checkpoint; *_inferred columns are heuristic."
mbpp:629,phase2,1,61,,,False,bypass_stable_anchor,0.0,,0,0,,,v4_4_code_bypass_stable_anchor,use_stage1_anchor,False,3/3,3/3,"target digest/source, stop reason and source count are not explicitly persisted in current checkpoint; *_inferred columns are heuristic."
mbpp:381,phase2,1,62,,,False,bypass_stable_anchor,0.0,,0,0,,,v4_4_code_bypass_stable_anchor,use_stage1_anchor,False,3/3,3/3,"target digest/source, stop reason and source count are not explicitly persisted in current checkpoint; *_inferred columns are heuristic."
mbpp:646,phase2,1,63,,,False,bypass_stable_anchor,0.0,,0,0,,,v4_4_code_bypass_stable_anchor,use_stage1_anchor,False,3/3,3/3,"target digest/source, stop reason and source count are not explicitly persisted in current checkpoint; *_inferred columns are heuristic."
mbpp:839,phase2,1,64,,,False,bypass_stable_anchor,0.0,,0,0,,,v4_4_code_bypass_stable_anchor,use_stage1_anchor,False,3/3,3/3,"target digest/source, stop reason and source count are not explicitly persisted in current checkpoint; *_inferred columns are heuristic."
mbpp:860,phase2,2,0,,,False,bypass_stable_anchor,0.0,,0,0,,,v4_4_code_bypass_stable_anchor,use_stage1_anchor,False,3/3,3/3,"target digest/source, stop reason and source count are not explicitly persisted in current checkpoint; *_inferred columns are heuristic."
mbpp:888,phase2,2,1,,,False,bypass_stable_anchor,0.0,,0,0,,,v4_4_code_bypass_stable_anchor,use_stage1_anchor,False,3/3,3/3,"target digest/source, stop reason and source count are not explicitly persisted in current checkpoint; *_inferred columns are heuristic."
mbpp:531,phase2,2,2,,,False,bypass_stable_anchor,0.0,,0,0,,,v4_4_code_bypass_stable_anchor,use_stage1_anchor,False,3/3,3/3,"target digest/source, stop reason and source count are not explicitly persisted in current checkpoint; *_inferred columns are heuristic."
mbpp:655,phase2,2,3,,,False,bypass_stable_anchor,0.0,,0,0,,,v4_4_code_bypass_stable_anchor,use_stage1_anchor,False,3/3,3/3,"target digest/source, stop reason and source count are not explicitly persisted in current checkpoint; *_inferred columns are heuristic."
mbpp:713,phase2,2,4,,,False,bypass_stable_anchor,0.0,,0,0,,,v4_4_code_bypass_stable_anchor,use_stage1_anchor,False,3/3,3/3,"target digest/source, stop reason and source count are not explicitly persisted in current checkpoint; *_inferred columns are heuristic."
mbpp:968,phase2,2,5,,,False,bypass_stable_anchor,0.0,,0,0,,,v4_4_code_bypass_stable_anchor,use_stage1_anchor,False,3/3,3/3,"target digest/source, stop reason and source count are not explicitly persisted in current checkpoint; *_inferred columns are heuristic."
mbpp:230,phase2,2,6,,,False,bypass_stable_anchor,0.0,,0,0,,,v4_4_code_bypass_stable_anchor,use_stage1_anchor,False,3/3,3/3,"target digest/source, stop reason and source count are not explicitly persisted in current checkpoint; *_inferred columns are heuristic."
mbpp:466,phase2,2,7,anchor_or_checkpoint,,True,,5.0,,3,1,,fully_pass,v4_4_code_reinsert_recollapse,use_stage2_protocol,True,3/3,0/3,"target digest/source, stop reason and source count are not explicitly persisted in current checkpoint; *_inferred columns are heuristic."
mbpp:822,phase2,2,8,,,False,bypass_stable_anchor,0.0,,0,0,,,v4_4_code_bypass_stable_anchor,use_stage1_anchor,False,3/3,3/3,"target digest/source, stop reason and source count are not explicitly persisted in current checkpoint; *_inferred columns are heuristic."
mbpp:213,phase2,2,9,,,False,bypass_stable_anchor,0.0,,0,0,,,v4_4_code_bypass_stable_anchor,use_stage1_anchor,False,3/3,3/3,"target digest/source, stop reason and source count are not explicitly persisted in current checkpoint; *_inferred columns are heuristic."
mbpp:33,phase2,2,10,anchor_or_checkpoint,,True,,5.0,,3,0,,final_guard_rejected,v4_4_code_anchor_guard_preserve,use_stage1_anchor,False,0/3,0/3,"target digest/source, stop reason and source count are not explicitly persisted in current checkpoint; *_inferred columns are heuristic."
mbpp:419,phase2,2,11,,,False,bypass_stable_anchor,0.0,,0,0,,,v4_4_code_bypass_stable_anchor,use_stage1_anchor,False,3/3,3/3,"target digest/source, stop reason and source count are not explicitly persisted in current checkpoint; *_inferred columns are heuristic."
mbpp:90,phase2,2,12,,,False,bypass_stable_anchor,0.0,,0,0,,,v4_4_code_bypass_stable_anchor,use_stage1_anchor,False,3/3,3/3,"target digest/source, stop reason and source count are not explicitly persisted in current checkpoint; *_inferred columns are heuristic."
mbpp:389,phase2,2,13,,,False,bypass_stable_anchor,0.0,,0,0,,,v4_4_code_bypass_stable_anchor,use_stage1_anchor,False,3/3,3/3,"target digest/source, stop reason and source count are not explicitly persisted in current checkpoint; *_inferred columns are heuristic."
mbpp:193,phase2,2,14,,,False,bypass_stable_anchor,0.0,,0,0,,,v4_4_code_bypass_stable_anchor,use_stage1_anchor,False,3/3,3/3,"target digest/source, stop reason and source count are not explicitly persisted in current checkpoint; *_inferred columns are heuristic."
mbpp:135,phase2,2,15,,,False,bypass_stable_anchor,0.0,,0,0,,,v4_4_code_bypass_stable_anchor,use_stage1_anchor,False,3/3,3/3,"target digest/source, stop reason and source count are not explicitly persisted in current checkpoint; *_inferred columns are heuristic."
mbpp:810,phase2,2,16,,,False,bypass_stable_anchor,0.0,,0,0,,,v4_4_code_bypass_stable_anchor,use_stage1_anchor,False,3/3,3/3,"target digest/source, stop reason and source count are not explicitly persisted in current checkpoint; *_inferred columns are heuristic."
mbpp:962,phase2,2,17,anchor_or_checkpoint,,True,,5.0,,2,0,,final_guard_rejected,v4_4_code_anchor_guard_preserve,use_stage1_anchor,False,0/3,0/3,"target digest/source, stop reason and source count are not explicitly persisted in current checkpoint; *_inferred columns are heuristic."
mbpp:547,phase2,2,18,,,False,bypass_stable_anchor,0.0,,0,0,,,v4_4_code_bypass_stable_anchor,use_stage1_anchor,False,3/3,3/3,"target digest/source, stop reason and source count are not explicitly persisted in current checkpoint; *_inferred columns are heuristic."
mbpp:811,phase2,2,19,,,False,bypass_stable_anchor,0.0,,0,0,,,v4_4_code_bypass_stable_anchor,use_stage1_anchor,False,3/3,3/3,"target digest/source, stop reason and source count are not explicitly persisted in current checkpoint; *_inferred columns are heuristic."
mbpp:512,phase2,2,20,,,False,bypass_stable_anchor,0.0,,0,0,,,v4_4_code_bypass_stable_anchor,use_stage1_anchor,False,3/3,3/3,"target digest/source, stop reason and source count are not explicitly persisted in current checkpoint; *_inferred columns are heuristic."
mbpp:631,phase2,2,21,,,False,bypass_stable_anchor,0.0,,0,0,,,v4_4_code_bypass_stable_anchor,use_stage1_anchor,False,3/3,3/3,"target digest/source, stop reason and source count are not explicitly persisted in current checkpoint; *_inferred columns are heuristic."
mbpp:134,phase2,2,22,anchor_or_checkpoint,,True,,7.0,,3,0,,final_guard_rejected,v4_4_code_anchor_guard_preserve,use_stage1_anchor,False,2/3,2/3,"target digest/source, stop reason and source count are not explicitly persisted in current checkpoint; *_inferred columns are heuristic."
mbpp:596,phase2,2,23,,,False,bypass_stable_anchor,0.0,,0,0,,,v4_4_code_bypass_stable_anchor,use_stage1_anchor,False,3/3,3/3,"target digest/source, stop reason and source count are not explicitly persisted in current checkpoint; *_inferred columns are heuristic."
mbpp:17,phase2,2,24,,,False,bypass_stable_anchor,0.0,,0,0,,,v4_4_code_bypass_stable_anchor,use_stage1_anchor,False,3/3,3/3,"target digest/source, stop reason and source count are not explicitly persisted in current checkpoint; *_inferred columns are heuristic."
mbpp:587,phase2,2,25,,,False,bypass_stable_anchor,0.0,,0,0,,,v4_4_code_bypass_stable_anchor,use_stage1_anchor,False,3/3,3/3,"target digest/source, stop reason and source count are not explicitly persisted in current checkpoint; *_inferred columns are heuristic."
mbpp:140,phase2,2,26,anchor_or_checkpoint,,True,,5.0,,3,0,,final_guard_rejected,v4_4_code_anchor_guard_preserve,use_stage1_anchor,False,0/3,0/3,"target digest/source, stop reason and source count are not explicitly persisted in current checkpoint; *_inferred columns are heuristic."
mbpp:610,phase2,2,27,,,False,bypass_stable_anchor,0.0,,0,0,,,v4_4_code_bypass_stable_anchor,use_stage1_anchor,False,3/3,3/3,"target digest/source, stop reason and source count are not explicitly persisted in current checkpoint; *_inferred columns are heuristic."
mbpp:150,phase2,2,28,anchor_or_checkpoint,,True,,6.0,,3,0,,final_guard_rejected,v4_4_code_anchor_guard_preserve,use_stage1_anchor,False,1/3,1/3,"target digest/source, stop reason and source count are not explicitly persisted in current checkpoint; *_inferred columns are heuristic."
mbpp:875,phase2,2,29,,,False,bypass_stable_anchor,0.0,,0,0,,,v4_4_code_bypass_stable_anchor,use_stage1_anchor,False,3/3,3/3,"target digest/source, stop reason and source count are not explicitly persisted in current checkpoint; *_inferred columns are heuristic."
mbpp:552,phase2,2,30,anchor_or_checkpoint,,True,,5.0,,3,0,,final_guard_rejected,v4_4_code_anchor_guard_preserve,use_stage1_anchor,False,2/3,2/3,"target digest/source, stop reason and source count are not explicitly persisted in current checkpoint; *_inferred columns are heuristic."
mbpp:184,phase2,2,31,,,False,bypass_stable_anchor,0.0,,0,0,,,v4_4_code_bypass_stable_anchor,use_stage1_anchor,False,3/3,3/3,"target digest/source, stop reason and source count are not explicitly persisted in current checkpoint; *_inferred columns are heuristic."
mbpp:365,phase2,2,32,,,False,bypass_stable_anchor,0.0,,0,0,,,v4_4_code_bypass_stable_anchor,use_stage1_anchor,False,3/3,3/3,"target digest/source, stop reason and source count are not explicitly persisted in current checkpoint; *_inferred columns are heuristic."
mbpp:659,phase2,2,33,,,False,bypass_stable_anchor,0.0,,0,0,,,v4_4_code_bypass_stable_anchor,use_stage1_anchor,False,3/3,3/3,"target digest/source, stop reason and source count are not explicitly persisted in current checkpoint; *_inferred columns are heuristic."
mbpp:922,phase2,2,34,,,False,bypass_stable_anchor,0.0,,0,0,,,v4_4_code_bypass_stable_anchor,use_stage1_anchor,False,3/3,3/3,"target digest/source, stop reason and source count are not explicitly persisted in current checkpoint; *_inferred columns are heuristic."
mbpp:445,phase2,2,35,,,False,bypass_stable_anchor,0.0,,0,0,,,v4_4_code_bypass_stable_anchor,use_stage1_anchor,False,3/3,3/3,"target digest/source, stop reason and source count are not explicitly persisted in current checkpoint; *_inferred columns are heuristic."
mbpp:441,phase2,2,36,,,False,bypass_stable_anchor,0.0,,0,0,,,v4_4_code_bypass_stable_anchor,use_stage1_anchor,False,3/3,3/3,"target digest/source, stop reason and source count are not explicitly persisted in current checkpoint; *_inferred columns are heuristic."
mbpp:740,phase2,2,37,,,False,bypass_stable_anchor,0.0,,0,0,,,v4_4_code_bypass_stable_anchor,use_stage1_anchor,False,3/3,3/3,"target digest/source, stop reason and source count are not explicitly persisted in current checkpoint; *_inferred columns are heuristic."
mbpp:350,phase2,2,38,anchor_or_checkpoint,,True,,6.0,,3,0,,final_guard_rejected,v4_4_code_anchor_guard_preserve,use_stage1_anchor,False,1/3,1/3,"target digest/source, stop reason and source count are not explicitly persisted in current checkpoint; *_inferred columns are heuristic."
mbpp:742,phase2,2,39,,,False,bypass_stable_anchor,0.0,,0,0,,,v4_4_code_bypass_stable_anchor,use_stage1_anchor,False,3/3,3/3,"target digest/source, stop reason and source count are not explicitly persisted in current checkpoint; *_inferred columns are heuristic."
mbpp:79,phase2,2,40,,,False,bypass_stable_anchor,0.0,,0,0,,,v4_4_code_bypass_stable_anchor,use_stage1_anchor,False,3/3,3/3,"target digest/source, stop reason and source count are not explicitly persisted in current checkpoint; *_inferred columns are heuristic."
mbpp:726,phase2,2,41,,,False,bypass_stable_anchor,0.0,,0,0,,,v4_4_code_bypass_stable_anchor,use_stage1_anchor,False,3/3,3/3,"target digest/source, stop reason and source count are not explicitly persisted in current checkpoint; *_inferred columns are heuristic."
mbpp:471,phase2,2,42,anchor_or_checkpoint,,True,,7.0,,3,0,,final_guard_rejected,v4_4_code_anchor_guard_preserve,use_stage1_anchor,False,0/3,0/3,"target digest/source, stop reason and source count are not explicitly persisted in current checkpoint; *_inferred columns are heuristic."
mbpp:293,phase2,2,43,anchor_or_checkpoint,,True,,6.0,,3,0,,final_guard_rejected,v4_4_code_anchor_guard_preserve,use_stage1_anchor,False,0/3,0/3,"target digest/source, stop reason and source count are not explicitly persisted in current checkpoint; *_inferred columns are heuristic."
mbpp:652,phase2,2,44,anchor_or_checkpoint,,True,,6.0,,3,0,,final_guard_rejected,v4_4_code_anchor_guard_preserve,use_stage1_anchor,False,0/3,0/3,"target digest/source, stop reason and source count are not explicitly persisted in current checkpoint; *_inferred columns are heuristic."
mbpp:221,phase2,2,45,,,False,bypass_stable_anchor,0.0,,0,0,,,v4_4_code_bypass_stable_anchor,use_stage1_anchor,False,3/3,3/3,"target digest/source, stop reason and source count are not explicitly persisted in current checkpoint; *_inferred columns are heuristic."
mbpp:146,phase2,2,46,,,False,bypass_stable_anchor,0.0,,0,0,,,v4_4_code_bypass_stable_anchor,use_stage1_anchor,False,3/3,3/3,"target digest/source, stop reason and source count are not explicitly persisted in current checkpoint; *_inferred columns are heuristic."
mbpp:483,phase2,2,47,anchor_or_checkpoint,,True,,6.0,,3,0,,final_guard_rejected,v4_4_code_anchor_guard_preserve,use_stage1_anchor,False,2/3,2/3,"target digest/source, stop reason and source count are not explicitly persisted in current checkpoint; *_inferred columns are heuristic."
mbpp:761,phase2,2,48,anchor_or_checkpoint,,True,,6.0,,3,0,,final_guard_rejected,v4_4_code_anchor_guard_preserve,use_stage1_anchor,False,1/3,1/3,"target digest/source, stop reason and source count are not explicitly persisted in current checkpoint; *_inferred columns are heuristic."
mbpp:893,phase2,2,49,,,False,bypass_stable_anchor,0.0,,0,0,,,v4_4_code_bypass_stable_anchor,use_stage1_anchor,False,3/3,3/3,"target digest/source, stop reason and source count are not explicitly persisted in current checkpoint; *_inferred columns are heuristic."
mbpp:340,phase2,2,50,,,False,bypass_stable_anchor,0.0,,0,0,,,v4_4_code_bypass_stable_anchor,use_stage1_anchor,False,3/3,3/3,"target digest/source, stop reason and source count are not explicitly persisted in current checkpoint; *_inferred columns are heuristic."
mbpp:899,phase2,2,51,,,False,bypass_stable_anchor,0.0,,0,0,,,v4_4_code_bypass_stable_anchor,use_stage1_anchor,False,3/3,3/3,"target digest/source, stop reason and source count are not explicitly persisted in current checkpoint; *_inferred columns are heuristic."
mbpp:258,phase2,2,52,,,False,bypass_stable_anchor,0.0,,0,0,,,v4_4_code_bypass_stable_anchor,use_stage1_anchor,False,3/3,3/3,"target digest/source, stop reason and source count are not explicitly persisted in current checkpoint; *_inferred columns are heuristic."
mbpp:499,phase2,2,53,,,False,bypass_stable_anchor,0.0,,0,0,,,v4_4_code_bypass_stable_anchor,use_stage1_anchor,False,3/3,3/3,"target digest/source, stop reason and source count are not explicitly persisted in current checkpoint; *_inferred columns are heuristic."
mbpp:965,phase2,2,54,,,False,bypass_stable_anchor,0.0,,0,0,,,v4_4_code_bypass_stable_anchor,use_stage1_anchor,False,3/3,3/3,"target digest/source, stop reason and source count are not explicitly persisted in current checkpoint; *_inferred columns are heuristic."
mbpp:222,phase2,2,55,,,False,bypass_stable_anchor,0.0,,0,0,,,v4_4_code_bypass_stable_anchor,use_stage1_anchor,False,3/3,3/3,"target digest/source, stop reason and source count are not explicitly persisted in current checkpoint; *_inferred columns are heuristic."
mbpp:956,phase2,2,56,,,False,bypass_stable_anchor,0.0,,0,0,,,v4_4_code_bypass_stable_anchor,use_stage1_anchor,False,3/3,3/3,"target digest/source, stop reason and source count are not explicitly persisted in current checkpoint; *_inferred columns are heuristic."
mbpp:451,phase2,2,57,,,False,bypass_stable_anchor,0.0,,0,0,,,v4_4_code_bypass_stable_anchor,use_stage1_anchor,False,3/3,3/3,"target digest/source, stop reason and source count are not explicitly persisted in current checkpoint; *_inferred columns are heuristic."
mbpp:152,phase2,2,58,,,False,bypass_stable_anchor,0.0,,0,0,,,v4_4_code_bypass_stable_anchor,use_stage1_anchor,False,3/3,3/3,"target digest/source, stop reason and source count are not explicitly persisted in current checkpoint; *_inferred columns are heuristic."
mbpp:676,phase2,2,59,,,False,bypass_stable_anchor,0.0,,0,0,,,v4_4_code_bypass_stable_anchor,use_stage1_anchor,False,3/3,3/3,"target digest/source, stop reason and source count are not explicitly persisted in current checkpoint; *_inferred columns are heuristic."
mbpp:737,phase2,2,60,,,False,bypass_stable_anchor,0.0,,0,0,,,v4_4_code_bypass_stable_anchor,use_stage1_anchor,False,3/3,3/3,"target digest/source, stop reason and source count are not explicitly persisted in current checkpoint; *_inferred columns are heuristic."
mbpp:951,phase2,2,61,,,False,bypass_stable_anchor,0.0,,0,0,,,v4_4_code_bypass_stable_anchor,use_stage1_anchor,False,3/3,3/3,"target digest/source, stop reason and source count are not explicitly persisted in current checkpoint; *_inferred columns are heuristic."
mbpp:852,phase2,2,62,,,False,bypass_stable_anchor,0.0,,0,0,,,v4_4_code_bypass_stable_anchor,use_stage1_anchor,False,3/3,3/3,"target digest/source, stop reason and source count are not explicitly persisted in current checkpoint; *_inferred columns are heuristic."
mbpp:35,phase2,2,63,,,False,bypass_stable_anchor,0.0,,0,0,,,v4_4_code_bypass_stable_anchor,use_stage1_anchor,False,3/3,3/3,"target digest/source, stop reason and source count are not explicitly persisted in current checkpoint; *_inferred columns are heuristic."
mbpp:582,phase2,2,64,,,False,bypass_stable_anchor,0.0,,0,0,,,v4_4_code_bypass_stable_anchor,use_stage1_anchor,False,3/3,3/3,"target digest/source, stop reason and source count are not explicitly persisted in current checkpoint; *_inferred columns are heuristic."
mbpp:398,phase3a,0,0,,,False,bypass_stable_anchor,0.0,,0,0,,,v4_4_code_bypass_stable_anchor,use_stage1_anchor,False,3/3,3/3,"target digest/source, stop reason and source count are not explicitly persisted in current checkpoint; *_inferred columns are heuristic."
mbpp:864,phase3a,0,1,,,False,bypass_stable_anchor,0.0,,0,0,,,v4_4_code_bypass_stable_anchor,use_stage1_anchor,False,3/3,3/3,"target digest/source, stop reason and source count are not explicitly persisted in current checkpoint; *_inferred columns are heuristic."
mbpp:159,phase3a,0,2,,,False,bypass_stable_anchor,0.0,,0,0,,,v4_4_code_bypass_stable_anchor,use_stage1_anchor,False,3/3,3/3,"target digest/source, stop reason and source count are not explicitly persisted in current checkpoint; *_inferred columns are heuristic."
mbpp:949,phase3a,0,3,anchor_or_checkpoint,,True,,4.0,,3,0,,final_guard_rejected,v4_4_code_anchor_guard_preserve,use_stage1_anchor,False,0/3,0/3,"target digest/source, stop reason and source count are not explicitly persisted in current checkpoint; *_inferred columns are heuristic."
mbpp:297,phase3a,0,4,,,False,bypass_stable_anchor,0.0,,0,0,,,v4_4_code_bypass_stable_anchor,use_stage1_anchor,False,3/3,3/3,"target digest/source, stop reason and source count are not explicitly persisted in current checkpoint; *_inferred columns are heuristic."
mbpp:660,phase3a,0,5,,,False,bypass_stable_anchor,0.0,,0,0,,,v4_4_code_bypass_stable_anchor,use_stage1_anchor,False,3/3,3/3,"target digest/source, stop reason and source count are not explicitly persisted in current checkpoint; *_inferred columns are heuristic."
mbpp:109,phase3a,0,6,,,False,bypass_stable_anchor,0.0,,0,0,,,v4_4_code_bypass_stable_anchor,use_stage1_anchor,False,3/3,3/3,"target digest/source, stop reason and source count are not explicitly persisted in current checkpoint; *_inferred columns are heuristic."
mbpp:859,phase3a,0,7,anchor_or_checkpoint,,True,,6.0,,3,0,,final_guard_rejected,v4_4_code_anchor_guard_preserve,use_stage1_anchor,False,0/3,0/3,"target digest/source, stop reason and source count are not explicitly persisted in current checkpoint; *_inferred columns are heuristic."
mbpp:61,phase3a,0,8,,,False,bypass_stable_anchor,0.0,,0,0,,,v4_4_code_bypass_stable_anchor,use_stage1_anchor,False,3/3,3/3,"target digest/source, stop reason and source count are not explicitly persisted in current checkpoint; *_inferred columns are heuristic."
mbpp:326,phase3a,0,9,,,False,bypass_stable_anchor,0.0,,0,0,,,v4_4_code_bypass_stable_anchor,use_stage1_anchor,False,3/3,3/3,"target digest/source, stop reason and source count are not explicitly persisted in current checkpoint; *_inferred columns are heuristic."
mbpp:795,phase3a,0,10,,,False,bypass_stable_anchor,0.0,,0,0,,,v4_4_code_bypass_stable_anchor,use_stage1_anchor,False,3/3,3/3,"target digest/source, stop reason and source count are not explicitly persisted in current checkpoint; *_inferred columns are heuristic."
mbpp:331,phase3a,0,11,,,False,bypass_stable_anchor,0.0,,0,0,,,v4_4_code_bypass_stable_anchor,use_stage1_anchor,False,3/3,3/3,"target digest/source, stop reason and source count are not explicitly persisted in current checkpoint; *_inferred columns are heuristic."
mbpp:574,phase3a,0,12,anchor_or_checkpoint,,True,,6.0,,3,0,,final_guard_rejected,v4_4_code_anchor_guard_preserve,use_stage1_anchor,False,0/3,0/3,"target digest/source, stop reason and source count are not explicitly persisted in current checkpoint; *_inferred columns are heuristic."
mbpp:197,phase3a,0,13,,,False,bypass_stable_anchor,0.0,,0,0,,,v4_4_code_bypass_stable_anchor,use_stage1_anchor,False,3/3,3/3,"target digest/source, stop reason and source count are not explicitly persisted in current checkpoint; *_inferred columns are heuristic."
mbpp:142,phase3a,0,14,anchor_or_checkpoint,,True,,4.0,,3,0,,final_guard_rejected,v4_4_code_anchor_guard_preserve,use_stage1_anchor,False,0/3,0/3,"target digest/source, stop reason and source count are not explicitly persisted in current checkpoint; *_inferred columns are heuristic."
mbpp:770,phase3a,0,15,,,False,bypass_stable_anchor,0.0,,0,0,,,v4_4_code_bypass_stable_anchor,use_stage1_anchor,False,3/3,3/3,"target digest/source, stop reason and source count are not explicitly persisted in current checkpoint; *_inferred columns are heuristic."
mbpp:36,phase3a,0,16,,,False,bypass_stable_anchor,0.0,,0,0,,,v4_4_code_bypass_stable_anchor,use_stage1_anchor,False,3/3,3/3,"target digest/source, stop reason and source count are not explicitly persisted in current checkpoint; *_inferred columns are heuristic."
mbpp:590,phase3a,0,17,anchor_or_checkpoint,,True,,7.0,,3,0,,final_guard_rejected,v4_4_code_anchor_guard_preserve,use_stage1_anchor,False,0/3,0/3,"target digest/source, stop reason and source count are not explicitly persisted in current checkpoint; *_inferred columns are heuristic."
mbpp:341,phase3a,0,18,,,False,bypass_stable_anchor,0.0,,0,0,,,v4_4_code_bypass_stable_anchor,use_stage1_anchor,False,3/3,3/3,"target digest/source, stop reason and source count are not explicitly persisted in current checkpoint; *_inferred columns are heuristic."
mbpp:581,phase3a,0,19,,,False,bypass_stable_anchor,0.0,,0,0,,,v4_4_code_bypass_stable_anchor,use_stage1_anchor,False,3/3,3/3,"target digest/source, stop reason and source count are not explicitly persisted in current checkpoint; *_inferred columns are heuristic."
mbpp:680,phase3a,0,20,,,False,bypass_stable_anchor,0.0,,0,0,,,v4_4_code_bypass_stable_anchor,use_stage1_anchor,False,3/3,3/3,"target digest/source, stop reason and source count are not explicitly persisted in current checkpoint; *_inferred columns are heuristic."
mbpp:455,phase3a,0,21,,,False,bypass_stable_anchor,0.0,,0,0,,,v4_4_code_bypass_stable_anchor,use_stage1_anchor,False,3/3,3/3,"target digest/source, stop reason and source count are not explicitly persisted in current checkpoint; *_inferred columns are heuristic."
mbpp:939,phase3a,0,22,,,False,bypass_stable_anchor,0.0,,0,0,,,v4_4_code_bypass_stable_anchor,use_stage1_anchor,False,3/3,3/3,"target digest/source, stop reason and source count are not explicitly persisted in current checkpoint; *_inferred columns are heuristic."
mbpp:461,phase3a,0,23,anchor_or_checkpoint,,True,,4.0,,3,0,,final_guard_rejected,v4_4_code_anchor_guard_preserve,use_stage1_anchor,False,1/3,1/3,"target digest/source, stop reason and source count are not explicitly persisted in current checkpoint; *_inferred columns are heuristic."
mbpp:958,phase3a,0,24,,,False,bypass_stable_anchor,0.0,,0,0,,,v4_4_code_bypass_stable_anchor,use_stage1_anchor,False,3/3,3/3,"target digest/source, stop reason and source count are not explicitly persisted in current checkpoint; *_inferred columns are heuristic."
mbpp:210,phase3a,0,25,,,False,bypass_stable_anchor,0.0,,0,0,,,v4_4_code_bypass_stable_anchor,use_stage1_anchor,False,3/3,3/3,"target digest/source, stop reason and source count are not explicitly persisted in current checkpoint; *_inferred columns are heuristic."
mbpp:83,phase3a,0,26,,,False,bypass_stable_anchor,0.0,,0,0,,,v4_4_code_bypass_stable_anchor,use_stage1_anchor,False,3/3,3/3,"target digest/source, stop reason and source count are not explicitly persisted in current checkpoint; *_inferred columns are heuristic."
mbpp:468,phase3a,0,27,,,False,bypass_stable_anchor,0.0,,0,0,,,v4_4_code_bypass_stable_anchor,use_stage1_anchor,False,3/3,3/3,"target digest/source, stop reason and source count are not explicitly persisted in current checkpoint; *_inferred columns are heuristic."
mbpp:794,phase3a,0,28,,,False,bypass_stable_anchor,0.0,,0,0,,,v4_4_code_bypass_stable_anchor,use_stage1_anchor,False,3/3,3/3,"target digest/source, stop reason and source count are not explicitly persisted in current checkpoint; *_inferred columns are heuristic."
mbpp:308,phase3a,0,29,,,False,bypass_stable_anchor,0.0,,0,0,,,v4_4_code_bypass_stable_anchor,use_stage1_anchor,False,3/3,3/3,"target digest/source, stop reason and source count are not explicitly persisted in current checkpoint; *_inferred columns are heuristic."
mbpp:55,phase3a,0,30,,,False,bypass_stable_anchor,0.0,,0,0,,,v4_4_code_bypass_stable_anchor,use_stage1_anchor,False,3/3,3/3,"target digest/source, stop reason and source count are not explicitly persisted in current checkpoint; *_inferred columns are heuristic."
mbpp:72,phase3a,0,31,,,False,bypass_stable_anchor,0.0,,0,0,,,v4_4_code_bypass_stable_anchor,use_stage1_anchor,False,3/3,3/3,"target digest/source, stop reason and source count are not explicitly persisted in current checkpoint; *_inferred columns are heuristic."
mbpp:560,phase3a,0,32,,,False,bypass_stable_anchor,0.0,,0,0,,,v4_4_code_bypass_stable_anchor,use_stage1_anchor,False,3/3,3/3,"target digest/source, stop reason and source count are not explicitly persisted in current checkpoint; *_inferred columns are heuristic."
mbpp:907,phase3a,0,33,anchor_or_checkpoint,,True,,6.0,,3,0,,final_guard_rejected,v4_4_code_anchor_guard_preserve,use_stage1_anchor,False,0/3,0/3,"target digest/source, stop reason and source count are not explicitly persisted in current checkpoint; *_inferred columns are heuristic."
mbpp:721,phase3a,0,34,,,False,bypass_stable_anchor,0.0,,0,0,,,v4_4_code_bypass_stable_anchor,use_stage1_anchor,False,3/3,3/3,"target digest/source, stop reason and source count are not explicitly persisted in current checkpoint; *_inferred columns are heuristic."
mbpp:621,phase3a,0,35,,,False,bypass_stable_anchor,0.0,,0,0,,,v4_4_code_bypass_stable_anchor,use_stage1_anchor,False,3/3,3/3,"target digest/source, stop reason and source count are not explicitly persisted in current checkpoint; *_inferred columns are heuristic."
mbpp:618,phase3a,0,36,,,False,bypass_stable_anchor,0.0,,0,0,,,v4_4_code_bypass_stable_anchor,use_stage1_anchor,False,3/3,3/3,"target digest/source, stop reason and source count are not explicitly persisted in current checkpoint; *_inferred columns are heuristic."
mbpp:952,phase3a,0,37,anchor_or_checkpoint,,True,,6.0,,3,0,,final_guard_rejected,v4_4_code_anchor_guard_preserve,use_stage1_anchor,False,2/3,2/3,"target digest/source, stop reason and source count are not explicitly persisted in current checkpoint; *_inferred columns are heuristic."
mbpp:234,phase3a,0,38,,,False,bypass_stable_anchor,0.0,,0,0,,,v4_4_code_bypass_stable_anchor,use_stage1_anchor,False,3/3,3/3,"target digest/source, stop reason and source count are not explicitly persisted in current checkpoint; *_inferred columns are heuristic."
mbpp:622,phase3a,0,39,,,False,bypass_stable_anchor,0.0,,0,0,,,v4_4_code_bypass_stable_anchor,use_stage1_anchor,False,3/3,3/3,"target digest/source, stop reason and source count are not explicitly persisted in current checkpoint; *_inferred columns are heuristic."
mbpp:75,phase3a,0,40,,,False,bypass_stable_anchor,0.0,,0,0,,,v4_4_code_bypass_stable_anchor,use_stage1_anchor,False,3/3,3/3,"target digest/source, stop reason and source count are not explicitly persisted in current checkpoint; *_inferred columns are heuristic."
mbpp:188,phase3a,0,41,,,False,bypass_stable_anchor,0.0,,0,0,,,v4_4_code_bypass_stable_anchor,use_stage1_anchor,False,3/3,3/3,"target digest/source, stop reason and source count are not explicitly persisted in current checkpoint; *_inferred columns are heuristic."
mbpp:160,phase3a,0,42,anchor_or_checkpoint,,True,,6.0,,3,0,,final_guard_rejected,v4_4_code_anchor_guard_preserve,use_stage1_anchor,False,2/3,2/3,"target digest/source, stop reason and source count are not explicitly persisted in current checkpoint; *_inferred columns are heuristic."
mbpp:516,phase3a,0,43,,,False,bypass_stable_anchor,0.0,,0,0,,,v4_4_code_bypass_stable_anchor,use_stage1_anchor,False,3/3,3/3,"target digest/source, stop reason and source count are not explicitly persisted in current checkpoint; *_inferred columns are heuristic."
mbpp:194,phase3a,0,44,,,False,bypass_stable_anchor,0.0,,0,0,,,v4_4_code_bypass_stable_anchor,use_stage1_anchor,False,3/3,3/3,"target digest/source, stop reason and source count are not explicitly persisted in current checkpoint; *_inferred columns are heuristic."
mbpp:690,phase3a,0,45,,,False,bypass_stable_anchor,0.0,,0,0,,,v4_4_code_bypass_stable_anchor,use_stage1_anchor,False,3/3,3/3,"target digest/source, stop reason and source count are not explicitly persisted in current checkpoint; *_inferred columns are heuristic."
mbpp:105,phase3a,0,46,,,False,bypass_stable_anchor,0.0,,0,0,,,v4_4_code_bypass_stable_anchor,use_stage1_anchor,False,3/3,3/3,"target digest/source, stop reason and source count are not explicitly persisted in current checkpoint; *_inferred columns are heuristic."
mbpp:540,phase3a,0,47,,,False,bypass_stable_anchor,0.0,,0,0,,,v4_4_code_bypass_stable_anchor,use_stage1_anchor,False,3/3,3/3,"target digest/source, stop reason and source count are not explicitly persisted in current checkpoint; *_inferred columns are heuristic."
mbpp:39,phase3a,0,48,,,False,bypass_stable_anchor,0.0,,0,0,,,v4_4_code_bypass_stable_anchor,use_stage1_anchor,False,3/3,3/3,"target digest/source, stop reason and source count are not explicitly persisted in current checkpoint; *_inferred columns are heuristic."
mbpp:841,phase3a,0,49,,,False,bypass_stable_anchor,0.0,,0,0,,,v4_4_code_bypass_stable_anchor,use_stage1_anchor,False,3/3,3/3,"target digest/source, stop reason and source count are not explicitly persisted in current checkpoint; *_inferred columns are heuristic."
mbpp:52,phase3a,1,0,,,False,bypass_stable_anchor,0.0,,0,0,,,v4_4_code_bypass_stable_anchor,use_stage1_anchor,False,3/3,3/3,"target digest/source, stop reason and source count are not explicitly persisted in current checkpoint; *_inferred columns are heuristic."
mbpp:791,phase3a,1,1,,,False,bypass_stable_anchor,0.0,,0,0,,,v4_4_code_bypass_stable_anchor,use_stage1_anchor,False,3/3,3/3,"target digest/source, stop reason and source count are not explicitly persisted in current checkpoint; *_inferred columns are heuristic."
mbpp:698,phase3a,1,2,,,False,bypass_stable_anchor,0.0,,0,0,,,v4_4_code_bypass_stable_anchor,use_stage1_anchor,False,3/3,3/3,"target digest/source, stop reason and source count are not explicitly persisted in current checkpoint; *_inferred columns are heuristic."
mbpp:874,phase3a,1,3,,,False,bypass_stable_anchor,0.0,,0,0,,,v4_4_code_bypass_stable_anchor,use_stage1_anchor,False,3/3,3/3,"target digest/source, stop reason and source count are not explicitly persisted in current checkpoint; *_inferred columns are heuristic."
mbpp:469,phase3a,1,4,,,False,bypass_stable_anchor,0.0,,0,0,,,v4_4_code_bypass_stable_anchor,use_stage1_anchor,False,3/3,3/3,"target digest/source, stop reason and source count are not explicitly persisted in current checkpoint; *_inferred columns are heuristic."
mbpp:174,phase3a,1,5,,,False,bypass_stable_anchor,0.0,,0,0,,,v4_4_code_bypass_stable_anchor,use_stage1_anchor,False,3/3,3/3,"target digest/source, stop reason and source count are not explicitly persisted in current checkpoint; *_inferred columns are heuristic."
mbpp:833,phase3a,1,6,,,False,bypass_stable_anchor,0.0,,0,0,,,v4_4_code_bypass_stable_anchor,use_stage1_anchor,False,3/3,3/3,"target digest/source, stop reason and source count are not explicitly persisted in current checkpoint; *_inferred columns are heuristic."
mbpp:669,phase3a,1,7,,,False,bypass_stable_anchor,0.0,,0,0,,,v4_4_code_bypass_stable_anchor,use_stage1_anchor,False,3/3,3/3,"target digest/source, stop reason and source count are not explicitly persisted in current checkpoint; *_inferred columns are heuristic."
mbpp:735,phase3a,1,8,anchor_or_checkpoint,,True,,5.0,,3,0,,final_guard_rejected,v4_4_code_anchor_guard_preserve,use_stage1_anchor,False,0/3,0/3,"target digest/source, stop reason and source count are not explicitly persisted in current checkpoint; *_inferred columns are heuristic."
mbpp:323,phase3a,1,9,anchor_or_checkpoint,,True,,4.0,,3,0,,final_guard_rejected,v4_4_code_anchor_guard_preserve,use_stage1_anchor,False,0/3,0/3,"target digest/source, stop reason and source count are not explicitly persisted in current checkpoint; *_inferred columns are heuristic."
mbpp:74,phase3a,1,10,,,False,bypass_stable_anchor,0.0,,0,0,,,v4_4_code_bypass_stable_anchor,use_stage1_anchor,False,3/3,3/3,"target digest/source, stop reason and source count are not explicitly persisted in current checkpoint; *_inferred columns are heuristic."
mbpp:167,phase3a,1,11,,,False,bypass_stable_anchor,0.0,,0,0,,,v4_4_code_bypass_stable_anchor,use_stage1_anchor,False,3/3,3/3,"target digest/source, stop reason and source count are not explicitly persisted in current checkpoint; *_inferred columns are heuristic."
mbpp:489,phase3a,1,12,,,False,bypass_stable_anchor,0.0,,0,0,,,v4_4_code_bypass_stable_anchor,use_stage1_anchor,False,3/3,3/3,"target digest/source, stop reason and source count are not explicitly persisted in current checkpoint; *_inferred columns are heuristic."
mbpp:972,phase3a,1,13,,,False,bypass_stable_anchor,0.0,,0,0,,,v4_4_code_bypass_stable_anchor,use_stage1_anchor,False,3/3,3/3,"target digest/source, stop reason and source count are not explicitly persisted in current checkpoint; *_inferred columns are heuristic."
mbpp:550,phase3a,1,14,,,False,bypass_stable_anchor,0.0,,0,0,,,v4_4_code_bypass_stable_anchor,use_stage1_anchor,False,3/3,3/3,"target digest/source, stop reason and source count are not explicitly persisted in current checkpoint; *_inferred columns are heuristic."
mbpp:22,phase3a,1,15,,,False,bypass_stable_anchor,0.0,,0,0,,,v4_4_code_bypass_stable_anchor,use_stage1_anchor,False,3/3,3/3,"target digest/source, stop reason and source count are not explicitly persisted in current checkpoint; *_inferred columns are heuristic."
mbpp:302,phase3a,1,16,,,False,bypass_stable_anchor,0.0,,0,0,,,v4_4_code_bypass_stable_anchor,use_stage1_anchor,False,3/3,3/3,"target digest/source, stop reason and source count are not explicitly persisted in current checkpoint; *_inferred columns are heuristic."
mbpp:527,phase3a,1,17,,,False,bypass_stable_anchor,0.0,,0,0,,,v4_4_code_bypass_stable_anchor,use_stage1_anchor,False,3/3,3/3,"target digest/source, stop reason and source count are not explicitly persisted in current checkpoint; *_inferred columns are heuristic."
mbpp:706,phase3a,1,18,,,False,bypass_stable_anchor,0.0,,0,0,,,v4_4_code_bypass_stable_anchor,use_stage1_anchor,False,3/3,3/3,"target digest/source, stop reason and source count are not explicitly persisted in current checkpoint; *_inferred columns are heuristic."
mbpp:149,phase3a,1,19,,,False,bypass_stable_anchor,0.0,,0,0,,,v4_4_code_bypass_stable_anchor,use_stage1_anchor,False,3/3,3/3,"target digest/source, stop reason and source count are not explicitly persisted in current checkpoint; *_inferred columns are heuristic."
mbpp:796,phase3a,1,20,,,False,bypass_stable_anchor,0.0,,0,0,,,v4_4_code_bypass_stable_anchor,use_stage1_anchor,False,3/3,3/3,"target digest/source, stop reason and source count are not explicitly persisted in current checkpoint; *_inferred columns are heuristic."
mbpp:902,phase3a,1,21,,,False,bypass_stable_anchor,0.0,,0,0,,,v4_4_code_bypass_stable_anchor,use_stage1_anchor,False,3/3,3/3,"target digest/source, stop reason and source count are not explicitly persisted in current checkpoint; *_inferred columns are heuristic."
mbpp:138,phase3a,1,22,,,False,bypass_stable_anchor,0.0,,0,0,,,v4_4_code_bypass_stable_anchor,use_stage1_anchor,False,3/3,3/3,"target digest/source, stop reason and source count are not explicitly persisted in current checkpoint; *_inferred columns are heuristic."
mbpp:526,phase3a,1,23,,,False,bypass_stable_anchor,0.0,,0,0,,,v4_4_code_bypass_stable_anchor,use_stage1_anchor,False,3/3,3/3,"target digest/source, stop reason and source count are not explicitly persisted in current checkpoint; *_inferred columns are heuristic."
mbpp:953,phase3a,1,24,,,False,bypass_stable_anchor,0.0,,0,0,,,v4_4_code_bypass_stable_anchor,use_stage1_anchor,False,3/3,3/3,"target digest/source, stop reason and source count are not explicitly persisted in current checkpoint; *_inferred columns are heuristic."
mbpp:88,phase3a,1,25,,,False,bypass_stable_anchor,0.0,,0,0,,,v4_4_code_bypass_stable_anchor,use_stage1_anchor,False,3/3,3/3,"target digest/source, stop reason and source count are not explicitly persisted in current checkpoint; *_inferred columns are heuristic."
mbpp:497,phase3a,1,26,,,False,bypass_stable_anchor,0.0,,0,0,,,v4_4_code_bypass_stable_anchor,use_stage1_anchor,False,3/3,3/3,"target digest/source, stop reason and source count are not explicitly persisted in current checkpoint; *_inferred columns are heuristic."
mbpp:577,phase3a,1,27,,,False,bypass_stable_anchor,0.0,,0,0,,,v4_4_code_bypass_stable_anchor,use_stage1_anchor,False,3/3,3/3,"target digest/source, stop reason and source count are not explicitly persisted in current checkpoint; *_inferred columns are heuristic."
mbpp:29,phase3a,1,28,,,False,bypass_stable_anchor,0.0,,0,0,,,v4_4_code_bypass_stable_anchor,use_stage1_anchor,False,3/3,3/3,"target digest/source, stop reason and source count are not explicitly persisted in current checkpoint; *_inferred columns are heuristic."
mbpp:764,phase3a,1,29,,,False,bypass_stable_anchor,0.0,,0,0,,,v4_4_code_bypass_stable_anchor,use_stage1_anchor,False,3/3,3/3,"target digest/source, stop reason and source count are not explicitly persisted in current checkpoint; *_inferred columns are heuristic."
mbpp:225,phase3a,1,30,,,False,bypass_stable_anchor,0.0,,0,0,,,v4_4_code_bypass_stable_anchor,use_stage1_anchor,False,3/3,3/3,"target digest/source, stop reason and source count are not explicitly persisted in current checkpoint; *_inferred columns are heuristic."
mbpp:363,phase3a,1,31,,,False,bypass_stable_anchor,0.0,,0,0,,,v4_4_code_bypass_stable_anchor,use_stage1_anchor,False,3/3,3/3,"target digest/source, stop reason and source count are not explicitly persisted in current checkpoint; *_inferred columns are heuristic."
mbpp:305,phase3a,1,32,,,False,bypass_stable_anchor,0.0,,0,0,,,v4_4_code_bypass_stable_anchor,use_stage1_anchor,False,3/3,3/3,"target digest/source, stop reason and source count are not explicitly persisted in current checkpoint; *_inferred columns are heuristic."
mbpp:477,phase3a,1,33,,,False,bypass_stable_anchor,0.0,,0,0,,,v4_4_code_bypass_stable_anchor,use_stage1_anchor,False,3/3,3/3,"target digest/source, stop reason and source count are not explicitly persisted in current checkpoint; *_inferred columns are heuristic."
mbpp:454,phase3a,1,34,anchor_or_checkpoint,,True,,6.0,,2,1,,fully_pass,v4_4_code_reinsert_recollapse,use_stage2_protocol,True,3/3,2/3,"target digest/source, stop reason and source count are not explicitly persisted in current checkpoint; *_inferred columns are heuristic."
mbpp:645,phase3a,1,35,anchor_or_checkpoint,,True,,5.0,,1,0,,final_guard_rejected,v4_4_code_anchor_guard_preserve,use_stage1_anchor,False,0/3,0/3,"target digest/source, stop reason and source count are not explicitly persisted in current checkpoint; *_inferred columns are heuristic."
mbpp:46,phase3a,1,36,,,False,bypass_stable_anchor,0.0,,0,0,,,v4_4_code_bypass_stable_anchor,use_stage1_anchor,False,3/3,3/3,"target digest/source, stop reason and source count are not explicitly persisted in current checkpoint; *_inferred columns are heuristic."
mbpp:270,phase3a,1,37,,,False,bypass_stable_anchor,0.0,,0,0,,,v4_4_code_bypass_stable_anchor,use_stage1_anchor,False,3/3,3/3,"target digest/source, stop reason and source count are not explicitly persisted in current checkpoint; *_inferred columns are heuristic."
mbpp:118,phase3a,1,38,,,False,bypass_stable_anchor,0.0,,0,0,,,v4_4_code_bypass_stable_anchor,use_stage1_anchor,False,3/3,3/3,"target digest/source, stop reason and source count are not explicitly persisted in current checkpoint; *_inferred columns are heuristic."
mbpp:106,phase3a,1,39,,,False,bypass_stable_anchor,0.0,,0,0,,,v4_4_code_bypass_stable_anchor,use_stage1_anchor,False,3/3,3/3,"target digest/source, stop reason and source count are not explicitly persisted in current checkpoint; *_inferred columns are heuristic."
mbpp:853,phase3a,1,40,,,False,bypass_stable_anchor,0.0,,0,0,,,v4_4_code_bypass_stable_anchor,use_stage1_anchor,False,3/3,3/3,"target digest/source, stop reason and source count are not explicitly persisted in current checkpoint; *_inferred columns are heuristic."
mbpp:673,phase3a,1,41,,,False,bypass_stable_anchor,0.0,,0,0,,,v4_4_code_bypass_stable_anchor,use_stage1_anchor,False,3/3,3/3,"target digest/source, stop reason and source count are not explicitly persisted in current checkpoint; *_inferred columns are heuristic."
mbpp:322,phase3a,1,42,,,False,bypass_stable_anchor,0.0,,0,0,,,v4_4_code_bypass_stable_anchor,use_stage1_anchor,False,3/3,3/3,"target digest/source, stop reason and source count are not explicitly persisted in current checkpoint; *_inferred columns are heuristic."
mbpp:362,phase3a,1,43,anchor_or_checkpoint,,True,,7.0,,3,0,,final_guard_rejected,v4_4_code_anchor_guard_preserve,use_stage1_anchor,False,2/3,2/3,"target digest/source, stop reason and source count are not explicitly persisted in current checkpoint; *_inferred columns are heuristic."
mbpp:668,phase3a,1,44,,,False,bypass_stable_anchor,0.0,,0,0,,,v4_4_code_bypass_stable_anchor,use_stage1_anchor,False,3/3,3/3,"target digest/source, stop reason and source count are not explicitly persisted in current checkpoint; *_inferred columns are heuristic."
mbpp:653,phase3a,1,45,,,False,bypass_stable_anchor,0.0,,0,0,,,v4_4_code_bypass_stable_anchor,use_stage1_anchor,False,3/3,3/3,"target digest/source, stop reason and source count are not explicitly persisted in current checkpoint; *_inferred columns are heuristic."
mbpp:249,phase3a,1,46,,,False,bypass_stable_anchor,0.0,,0,0,,,v4_4_code_bypass_stable_anchor,use_stage1_anchor,False,3/3,3/3,"target digest/source, stop reason and source count are not explicitly persisted in current checkpoint; *_inferred columns are heuristic."
mbpp:576,phase3a,1,47,,,False,bypass_stable_anchor,0.0,,0,0,,,v4_4_code_bypass_stable_anchor,use_stage1_anchor,False,3/3,3/3,"target digest/source, stop reason and source count are not explicitly persisted in current checkpoint; *_inferred columns are heuristic."
mbpp:285,phase3a,1,48,anchor_or_checkpoint,,True,,5.0,,3,0,,final_guard_rejected,v4_4_code_anchor_guard_preserve,use_stage1_anchor,False,2/3,2/3,"target digest/source, stop reason and source count are not explicitly persisted in current checkpoint; *_inferred columns are heuristic."
mbpp:405,phase3a,1,49,,,False,bypass_stable_anchor,0.0,,0,0,,,v4_4_code_bypass_stable_anchor,use_stage1_anchor,False,3/3,3/3,"target digest/source, stop reason and source count are not explicitly persisted in current checkpoint; *_inferred columns are heuristic."
mbpp:506,phase3a,1,50,,,False,bypass_stable_anchor,0.0,,0,0,,,v4_4_code_bypass_stable_anchor,use_stage1_anchor,False,3/3,3/3,"target digest/source, stop reason and source count are not explicitly persisted in current checkpoint; *_inferred columns are heuristic."
mbpp:480,phase3a,1,51,,,False,bypass_stable_anchor,0.0,,0,0,,,v4_4_code_bypass_stable_anchor,use_stage1_anchor,False,3/3,3/3,"target digest/source, stop reason and source count are not explicitly persisted in current checkpoint; *_inferred columns are heuristic."
mbpp:722,phase3a,1,52,,,False,bypass_stable_anchor,0.0,,0,0,,,v4_4_code_bypass_stable_anchor,use_stage1_anchor,False,3/3,3/3,"target digest/source, stop reason and source count are not explicitly persisted in current checkpoint; *_inferred columns are heuristic."
mbpp:474,phase3a,1,53,,,False,bypass_stable_anchor,0.0,,0,0,,,v4_4_code_bypass_stable_anchor,use_stage1_anchor,False,3/3,3/3,"target digest/source, stop reason and source count are not explicitly persisted in current checkpoint; *_inferred columns are heuristic."
mbpp:130,phase3a,1,54,,,False,bypass_stable_anchor,0.0,,0,0,,,v4_4_code_bypass_stable_anchor,use_stage1_anchor,False,3/3,3/3,"target digest/source, stop reason and source count are not explicitly persisted in current checkpoint; *_inferred columns are heuristic."
mbpp:185,phase3a,1,55,,,False,bypass_stable_anchor,0.0,,0,0,,,v4_4_code_bypass_stable_anchor,use_stage1_anchor,False,3/3,3/3,"target digest/source, stop reason and source count are not explicitly persisted in current checkpoint; *_inferred columns are heuristic."
mbpp:498,phase3a,1,56,,,False,bypass_stable_anchor,0.0,,0,0,,,v4_4_code_bypass_stable_anchor,use_stage1_anchor,False,3/3,3/3,"target digest/source, stop reason and source count are not explicitly persisted in current checkpoint; *_inferred columns are heuristic."
mbpp:85,phase3a,1,57,,,False,bypass_stable_anchor,0.0,,0,0,,,v4_4_code_bypass_stable_anchor,use_stage1_anchor,False,3/3,3/3,"target digest/source, stop reason and source count are not explicitly persisted in current checkpoint; *_inferred columns are heuristic."
mbpp:830,phase3a,1,58,,,False,bypass_stable_anchor,0.0,,0,0,,,v4_4_code_bypass_stable_anchor,use_stage1_anchor,False,3/3,3/3,"target digest/source, stop reason and source count are not explicitly persisted in current checkpoint; *_inferred columns are heuristic."
mbpp:901,phase3a,1,59,,,False,bypass_stable_anchor,0.0,,0,0,,,v4_4_code_bypass_stable_anchor,use_stage1_anchor,False,3/3,3/3,"target digest/source, stop reason and source count are not explicitly persisted in current checkpoint; *_inferred columns are heuristic."
mbpp:126,phase3a,1,60,,,False,bypass_stable_anchor,0.0,,0,0,,,v4_4_code_bypass_stable_anchor,use_stage1_anchor,False,3/3,3/3,"target digest/source, stop reason and source count are not explicitly persisted in current checkpoint; *_inferred columns are heuristic."
mbpp:629,phase3a,1,61,,,False,bypass_stable_anchor,0.0,,0,0,,,v4_4_code_bypass_stable_anchor,use_stage1_anchor,False,3/3,3/3,"target digest/source, stop reason and source count are not explicitly persisted in current checkpoint; *_inferred columns are heuristic."
mbpp:381,phase3a,1,62,,,False,bypass_stable_anchor,0.0,,0,0,,,v4_4_code_bypass_stable_anchor,use_stage1_anchor,False,3/3,3/3,"target digest/source, stop reason and source count are not explicitly persisted in current checkpoint; *_inferred columns are heuristic."
mbpp:646,phase3a,1,63,,,False,bypass_stable_anchor,0.0,,0,0,,,v4_4_code_bypass_stable_anchor,use_stage1_anchor,False,3/3,3/3,"target digest/source, stop reason and source count are not explicitly persisted in current checkpoint; *_inferred columns are heuristic."
mbpp:839,phase3a,1,64,,,False,bypass_stable_anchor,0.0,,0,0,,,v4_4_code_bypass_stable_anchor,use_stage1_anchor,False,3/3,3/3,"target digest/source, stop reason and source count are not explicitly persisted in current checkpoint; *_inferred columns are heuristic."
mbpp:860,phase3a,2,0,,,False,bypass_stable_anchor,0.0,,0,0,,,v4_4_code_bypass_stable_anchor,use_stage1_anchor,False,3/3,3/3,"target digest/source, stop reason and source count are not explicitly persisted in current checkpoint; *_inferred columns are heuristic."
mbpp:888,phase3a,2,1,,,False,bypass_stable_anchor,0.0,,0,0,,,v4_4_code_bypass_stable_anchor,use_stage1_anchor,False,3/3,3/3,"target digest/source, stop reason and source count are not explicitly persisted in current checkpoint; *_inferred columns are heuristic."
mbpp:531,phase3a,2,2,,,False,bypass_stable_anchor,0.0,,0,0,,,v4_4_code_bypass_stable_anchor,use_stage1_anchor,False,3/3,3/3,"target digest/source, stop reason and source count are not explicitly persisted in current checkpoint; *_inferred columns are heuristic."
mbpp:655,phase3a,2,3,,,False,bypass_stable_anchor,0.0,,0,0,,,v4_4_code_bypass_stable_anchor,use_stage1_anchor,False,3/3,3/3,"target digest/source, stop reason and source count are not explicitly persisted in current checkpoint; *_inferred columns are heuristic."
mbpp:713,phase3a,2,4,,,False,bypass_stable_anchor,0.0,,0,0,,,v4_4_code_bypass_stable_anchor,use_stage1_anchor,False,3/3,3/3,"target digest/source, stop reason and source count are not explicitly persisted in current checkpoint; *_inferred columns are heuristic."
mbpp:968,phase3a,2,5,,,False,bypass_stable_anchor,0.0,,0,0,,,v4_4_code_bypass_stable_anchor,use_stage1_anchor,False,3/3,3/3,"target digest/source, stop reason and source count are not explicitly persisted in current checkpoint; *_inferred columns are heuristic."
mbpp:230,phase3a,2,6,,,False,bypass_stable_anchor,0.0,,0,0,,,v4_4_code_bypass_stable_anchor,use_stage1_anchor,False,3/3,3/3,"target digest/source, stop reason and source count are not explicitly persisted in current checkpoint; *_inferred columns are heuristic."
mbpp:466,phase3a,2,7,anchor_or_checkpoint,,True,,6.0,,1,0,,final_guard_rejected,v4_4_code_anchor_guard_preserve,use_stage1_anchor,False,0/3,0/3,"target digest/source, stop reason and source count are not explicitly persisted in current checkpoint; *_inferred columns are heuristic."
mbpp:822,phase3a,2,8,,,False,bypass_stable_anchor,0.0,,0,0,,,v4_4_code_bypass_stable_anchor,use_stage1_anchor,False,3/3,3/3,"target digest/source, stop reason and source count are not explicitly persisted in current checkpoint; *_inferred columns are heuristic."
mbpp:213,phase3a,2,9,,,False,bypass_stable_anchor,0.0,,0,0,,,v4_4_code_bypass_stable_anchor,use_stage1_anchor,False,3/3,3/3,"target digest/source, stop reason and source count are not explicitly persisted in current checkpoint; *_inferred columns are heuristic."
mbpp:33,phase3a,2,10,anchor_or_checkpoint,,True,,4.0,,3,0,,final_guard_rejected,v4_4_code_anchor_guard_preserve,use_stage1_anchor,False,0/3,0/3,"target digest/source, stop reason and source count are not explicitly persisted in current checkpoint; *_inferred columns are heuristic."
mbpp:419,phase3a,2,11,,,False,bypass_stable_anchor,0.0,,0,0,,,v4_4_code_bypass_stable_anchor,use_stage1_anchor,False,3/3,3/3,"target digest/source, stop reason and source count are not explicitly persisted in current checkpoint; *_inferred columns are heuristic."
mbpp:90,phase3a,2,12,,,False,bypass_stable_anchor,0.0,,0,0,,,v4_4_code_bypass_stable_anchor,use_stage1_anchor,False,3/3,3/3,"target digest/source, stop reason and source count are not explicitly persisted in current checkpoint; *_inferred columns are heuristic."
mbpp:389,phase3a,2,13,,,False,bypass_stable_anchor,0.0,,0,0,,,v4_4_code_bypass_stable_anchor,use_stage1_anchor,False,3/3,3/3,"target digest/source, stop reason and source count are not explicitly persisted in current checkpoint; *_inferred columns are heuristic."
mbpp:193,phase3a,2,14,,,False,bypass_stable_anchor,0.0,,0,0,,,v4_4_code_bypass_stable_anchor,use_stage1_anchor,False,3/3,3/3,"target digest/source, stop reason and source count are not explicitly persisted in current checkpoint; *_inferred columns are heuristic."
mbpp:135,phase3a,2,15,,,False,bypass_stable_anchor,0.0,,0,0,,,v4_4_code_bypass_stable_anchor,use_stage1_anchor,False,3/3,3/3,"target digest/source, stop reason and source count are not explicitly persisted in current checkpoint; *_inferred columns are heuristic."
mbpp:810,phase3a,2,16,,,False,bypass_stable_anchor,0.0,,0,0,,,v4_4_code_bypass_stable_anchor,use_stage1_anchor,False,3/3,3/3,"target digest/source, stop reason and source count are not explicitly persisted in current checkpoint; *_inferred columns are heuristic."
mbpp:962,phase3a,2,17,anchor_or_checkpoint,,True,,4.0,,1,0,,final_guard_rejected,v4_4_code_anchor_guard_preserve,use_stage1_anchor,False,0/3,0/3,"target digest/source, stop reason and source count are not explicitly persisted in current checkpoint; *_inferred columns are heuristic."
mbpp:547,phase3a,2,18,,,False,bypass_stable_anchor,0.0,,0,0,,,v4_4_code_bypass_stable_anchor,use_stage1_anchor,False,3/3,3/3,"target digest/source, stop reason and source count are not explicitly persisted in current checkpoint; *_inferred columns are heuristic."
mbpp:811,phase3a,2,19,,,False,bypass_stable_anchor,0.0,,0,0,,,v4_4_code_bypass_stable_anchor,use_stage1_anchor,False,3/3,3/3,"target digest/source, stop reason and source count are not explicitly persisted in current checkpoint; *_inferred columns are heuristic."
mbpp:512,phase3a,2,20,,,False,bypass_stable_anchor,0.0,,0,0,,,v4_4_code_bypass_stable_anchor,use_stage1_anchor,False,3/3,3/3,"target digest/source, stop reason and source count are not explicitly persisted in current checkpoint; *_inferred columns are heuristic."
mbpp:631,phase3a,2,21,,,False,bypass_stable_anchor,0.0,,0,0,,,v4_4_code_bypass_stable_anchor,use_stage1_anchor,False,3/3,3/3,"target digest/source, stop reason and source count are not explicitly persisted in current checkpoint; *_inferred columns are heuristic."
mbpp:134,phase3a,2,22,anchor_or_checkpoint,,True,,7.0,,3,0,,final_guard_rejected,v4_4_code_anchor_guard_preserve,use_stage1_anchor,False,2/3,2/3,"target digest/source, stop reason and source count are not explicitly persisted in current checkpoint; *_inferred columns are heuristic."
mbpp:596,phase3a,2,23,,,False,bypass_stable_anchor,0.0,,0,0,,,v4_4_code_bypass_stable_anchor,use_stage1_anchor,False,3/3,3/3,"target digest/source, stop reason and source count are not explicitly persisted in current checkpoint; *_inferred columns are heuristic."
mbpp:17,phase3a,2,24,,,False,bypass_stable_anchor,0.0,,0,0,,,v4_4_code_bypass_stable_anchor,use_stage1_anchor,False,3/3,3/3,"target digest/source, stop reason and source count are not explicitly persisted in current checkpoint; *_inferred columns are heuristic."
mbpp:587,phase3a,2,25,,,False,bypass_stable_anchor,0.0,,0,0,,,v4_4_code_bypass_stable_anchor,use_stage1_anchor,False,3/3,3/3,"target digest/source, stop reason and source count are not explicitly persisted in current checkpoint; *_inferred columns are heuristic."
mbpp:140,phase3a,2,26,,,False,bypass_stable_anchor,0.0,,0,0,,,v4_4_code_bypass_stable_anchor,use_stage1_anchor,False,3/3,3/3,"target digest/source, stop reason and source count are not explicitly persisted in current checkpoint; *_inferred columns are heuristic."
mbpp:610,phase3a,2,27,,,False,bypass_stable_anchor,0.0,,0,0,,,v4_4_code_bypass_stable_anchor,use_stage1_anchor,False,3/3,3/3,"target digest/source, stop reason and source count are not explicitly persisted in current checkpoint; *_inferred columns are heuristic."
mbpp:150,phase3a,2,28,anchor_or_checkpoint,,True,,7.0,,3,0,,final_guard_rejected,v4_4_code_anchor_guard_preserve,use_stage1_anchor,False,2/3,2/3,"target digest/source, stop reason and source count are not explicitly persisted in current checkpoint; *_inferred columns are heuristic."
mbpp:875,phase3a,2,29,,,False,bypass_stable_anchor,0.0,,0,0,,,v4_4_code_bypass_stable_anchor,use_stage1_anchor,False,3/3,3/3,"target digest/source, stop reason and source count are not explicitly persisted in current checkpoint; *_inferred columns are heuristic."
mbpp:552,phase3a,2,30,anchor_or_checkpoint,,True,,5.0,,3,0,,final_guard_rejected,v4_4_code_anchor_guard_preserve,use_stage1_anchor,False,2/3,2/3,"target digest/source, stop reason and source count are not explicitly persisted in current checkpoint; *_inferred columns are heuristic."
mbpp:184,phase3a,2,31,,,False,bypass_stable_anchor,0.0,,0,0,,,v4_4_code_bypass_stable_anchor,use_stage1_anchor,False,3/3,3/3,"target digest/source, stop reason and source count are not explicitly persisted in current checkpoint; *_inferred columns are heuristic."
mbpp:365,phase3a,2,32,,,False,bypass_stable_anchor,0.0,,0,0,,,v4_4_code_bypass_stable_anchor,use_stage1_anchor,False,3/3,3/3,"target digest/source, stop reason and source count are not explicitly persisted in current checkpoint; *_inferred columns are heuristic."
mbpp:659,phase3a,2,33,,,False,bypass_stable_anchor,0.0,,0,0,,,v4_4_code_bypass_stable_anchor,use_stage1_anchor,False,3/3,3/3,"target digest/source, stop reason and source count are not explicitly persisted in current checkpoint; *_inferred columns are heuristic."
mbpp:922,phase3a,2,34,checkpoint_or_class_representative,,True,,4.0,,3,0,,no_improvement,v4_4_code_override_verified_class,use_stage2_protocol,False,2/3,0/3,"target digest/source, stop reason and source count are not explicitly persisted in current checkpoint; *_inferred columns are heuristic."
mbpp:445,phase3a,2,35,,,False,bypass_stable_anchor,0.0,,0,0,,,v4_4_code_bypass_stable_anchor,use_stage1_anchor,False,3/3,3/3,"target digest/source, stop reason and source count are not explicitly persisted in current checkpoint; *_inferred columns are heuristic."
mbpp:441,phase3a,2,36,,,False,bypass_stable_anchor,0.0,,0,0,,,v4_4_code_bypass_stable_anchor,use_stage1_anchor,False,3/3,3/3,"target digest/source, stop reason and source count are not explicitly persisted in current checkpoint; *_inferred columns are heuristic."
mbpp:740,phase3a,2,37,,,False,bypass_stable_anchor,0.0,,0,0,,,v4_4_code_bypass_stable_anchor,use_stage1_anchor,False,3/3,3/3,"target digest/source, stop reason and source count are not explicitly persisted in current checkpoint; *_inferred columns are heuristic."
mbpp:350,phase3a,2,38,,,False,bypass_stable_anchor,0.0,,0,0,,,v4_4_code_bypass_stable_anchor,use_stage1_anchor,False,3/3,3/3,"target digest/source, stop reason and source count are not explicitly persisted in current checkpoint; *_inferred columns are heuristic."
mbpp:742,phase3a,2,39,,,False,bypass_stable_anchor,0.0,,0,0,,,v4_4_code_bypass_stable_anchor,use_stage1_anchor,False,3/3,3/3,"target digest/source, stop reason and source count are not explicitly persisted in current checkpoint; *_inferred columns are heuristic."
mbpp:79,phase3a,2,40,,,False,bypass_stable_anchor,0.0,,0,0,,,v4_4_code_bypass_stable_anchor,use_stage1_anchor,False,3/3,3/3,"target digest/source, stop reason and source count are not explicitly persisted in current checkpoint; *_inferred columns are heuristic."
mbpp:726,phase3a,2,41,,,False,bypass_stable_anchor,0.0,,0,0,,,v4_4_code_bypass_stable_anchor,use_stage1_anchor,False,3/3,3/3,"target digest/source, stop reason and source count are not explicitly persisted in current checkpoint; *_inferred columns are heuristic."
mbpp:471,phase3a,2,42,,,False,bypass_stable_anchor,0.0,,0,0,,,v4_4_code_bypass_stable_anchor,use_stage1_anchor,False,3/3,3/3,"target digest/source, stop reason and source count are not explicitly persisted in current checkpoint; *_inferred columns are heuristic."
mbpp:293,phase3a,2,43,,,False,verified_class_override_before_recovery,0.0,,0,0,,,v4_4_code_override_verified_class,use_stage2_protocol,False,3/3,0/3,"target digest/source, stop reason and source count are not explicitly persisted in current checkpoint; *_inferred columns are heuristic."
mbpp:652,phase3a,2,44,anchor_or_checkpoint,,True,,4.0,,3,0,,final_guard_rejected,v4_4_code_anchor_guard_preserve,use_stage1_anchor,False,0/3,0/3,"target digest/source, stop reason and source count are not explicitly persisted in current checkpoint; *_inferred columns are heuristic."
mbpp:221,phase3a,2,45,,,False,bypass_stable_anchor,0.0,,0,0,,,v4_4_code_bypass_stable_anchor,use_stage1_anchor,False,3/3,3/3,"target digest/source, stop reason and source count are not explicitly persisted in current checkpoint; *_inferred columns are heuristic."
mbpp:146,phase3a,2,46,,,False,bypass_stable_anchor,0.0,,0,0,,,v4_4_code_bypass_stable_anchor,use_stage1_anchor,False,3/3,3/3,"target digest/source, stop reason and source count are not explicitly persisted in current checkpoint; *_inferred columns are heuristic."
mbpp:483,phase3a,2,47,anchor_or_checkpoint,,True,,6.0,,3,0,,final_guard_rejected,v4_4_code_anchor_guard_preserve,use_stage1_anchor,False,2/3,2/3,"target digest/source, stop reason and source count are not explicitly persisted in current checkpoint; *_inferred columns are heuristic."
mbpp:761,phase3a,2,48,anchor_or_checkpoint,,True,,7.0,,3,0,,final_guard_rejected,v4_4_code_anchor_guard_preserve,use_stage1_anchor,False,0/3,0/3,"target digest/source, stop reason and source count are not explicitly persisted in current checkpoint; *_inferred columns are heuristic."
mbpp:893,phase3a,2,49,,,False,bypass_stable_anchor,0.0,,0,0,,,v4_4_code_bypass_stable_anchor,use_stage1_anchor,False,3/3,3/3,"target digest/source, stop reason and source count are not explicitly persisted in current checkpoint; *_inferred columns are heuristic."
mbpp:340,phase3a,2,50,,,False,bypass_stable_anchor,0.0,,0,0,,,v4_4_code_bypass_stable_anchor,use_stage1_anchor,False,3/3,3/3,"target digest/source, stop reason and source count are not explicitly persisted in current checkpoint; *_inferred columns are heuristic."
mbpp:899,phase3a,2,51,,,False,bypass_stable_anchor,0.0,,0,0,,,v4_4_code_bypass_stable_anchor,use_stage1_anchor,False,3/3,3/3,"target digest/source, stop reason and source count are not explicitly persisted in current checkpoint; *_inferred columns are heuristic."
mbpp:258,phase3a,2,52,,,False,bypass_stable_anchor,0.0,,0,0,,,v4_4_code_bypass_stable_anchor,use_stage1_anchor,False,3/3,3/3,"target digest/source, stop reason and source count are not explicitly persisted in current checkpoint; *_inferred columns are heuristic."
mbpp:499,phase3a,2,53,,,False,bypass_stable_anchor,0.0,,0,0,,,v4_4_code_bypass_stable_anchor,use_stage1_anchor,False,3/3,3/3,"target digest/source, stop reason and source count are not explicitly persisted in current checkpoint; *_inferred columns are heuristic."
mbpp:965,phase3a,2,54,,,False,bypass_stable_anchor,0.0,,0,0,,,v4_4_code_bypass_stable_anchor,use_stage1_anchor,False,3/3,3/3,"target digest/source, stop reason and source count are not explicitly persisted in current checkpoint; *_inferred columns are heuristic."
mbpp:222,phase3a,2,55,,,False,bypass_stable_anchor,0.0,,0,0,,,v4_4_code_bypass_stable_anchor,use_stage1_anchor,False,3/3,3/3,"target digest/source, stop reason and source count are not explicitly persisted in current checkpoint; *_inferred columns are heuristic."
mbpp:956,phase3a,2,56,,,False,verified_class_override_before_recovery,0.0,,0,0,,,v4_4_code_override_verified_class,use_stage2_protocol,False,3/3,2/3,"target digest/source, stop reason and source count are not explicitly persisted in current checkpoint; *_inferred columns are heuristic."
mbpp:451,phase3a,2,57,,,False,bypass_stable_anchor,0.0,,0,0,,,v4_4_code_bypass_stable_anchor,use_stage1_anchor,False,3/3,3/3,"target digest/source, stop reason and source count are not explicitly persisted in current checkpoint; *_inferred columns are heuristic."
mbpp:152,phase3a,2,58,,,False,bypass_stable_anchor,0.0,,0,0,,,v4_4_code_bypass_stable_anchor,use_stage1_anchor,False,3/3,3/3,"target digest/source, stop reason and source count are not explicitly persisted in current checkpoint; *_inferred columns are heuristic."
mbpp:676,phase3a,2,59,,,False,bypass_stable_anchor,0.0,,0,0,,,v4_4_code_bypass_stable_anchor,use_stage1_anchor,False,3/3,3/3,"target digest/source, stop reason and source count are not explicitly persisted in current checkpoint; *_inferred columns are heuristic."
mbpp:737,phase3a,2,60,,,False,bypass_stable_anchor,0.0,,0,0,,,v4_4_code_bypass_stable_anchor,use_stage1_anchor,False,3/3,3/3,"target digest/source, stop reason and source count are not explicitly persisted in current checkpoint; *_inferred columns are heuristic."
mbpp:951,phase3a,2,61,,,False,bypass_stable_anchor,0.0,,0,0,,,v4_4_code_bypass_stable_anchor,use_stage1_anchor,False,3/3,3/3,"target digest/source, stop reason and source count are not explicitly persisted in current checkpoint; *_inferred columns are heuristic."
mbpp:852,phase3a,2,62,,,False,bypass_stable_anchor,0.0,,0,0,,,v4_4_code_bypass_stable_anchor,use_stage1_anchor,False,3/3,3/3,"target digest/source, stop reason and source count are not explicitly persisted in current checkpoint; *_inferred columns are heuristic."
mbpp:35,phase3a,2,63,,,False,bypass_stable_anchor,0.0,,0,0,,,v4_4_code_bypass_stable_anchor,use_stage1_anchor,False,3/3,3/3,"target digest/source, stop reason and source count are not explicitly persisted in current checkpoint; *_inferred columns are heuristic."
mbpp:582,phase3a,2,64,,,False,bypass_stable_anchor,0.0,,0,0,,,v4_4_code_bypass_stable_anchor,use_stage1_anchor,False,3/3,3/3,"target digest/source, stop reason and source count are not explicitly persisted in current checkpoint; *_inferred columns are heuristic."
