sample_id,phase,worker,train_index,active_edge_ratio_by_turn,active_node_ratio_by_turn,candidate_provenance_coverage,recovery_subgraph_size,final_answer_source_type
mbpp:105,phase2,0,46,"[1.0, 1.0, 1.0, 1.0, 1.0]","[1.0, 1.0, 1.0, 1.0, 1.0]",0.75,0.0,stage1
mbpp:105,phase3a,0,46,"[1.0, 1.0, 1.0, 1.0, 1.0]","[1.0, 1.0, 1.0, 1.0, 1.0]",1.0,0.0,sink_output
mbpp:106,phase2,1,39,"[0.8888888888888888, 0.7777777777777778, 0.7777777777777778, 0.6666666666666666, 0.6666666666666666]","[1.0, 1.0, 0.7142857142857143, 0.7142857142857143, 1.0]",1.0,0.0,checker_approved_proposal
mbpp:106,phase3a,1,39,"[1.0, 1.0, 1.0, 1.0, 1.0]","[1.0, 1.0, 1.0, 1.0, 1.0]",1.0,0.0,sink_output
mbpp:109,phase2,0,6,"[1.0, 1.0, 1.0, 1.0, 1.0]","[1.0, 1.0, 1.0, 1.0, 1.0]",0.9375,0.0,stage1
mbpp:109,phase3a,0,6,"[1.0, 1.0, 1.0, 1.0, 1.0]","[1.0, 1.0, 1.0, 1.0, 1.0]",0.9090909090909091,0.0,stage1
mbpp:118,phase2,1,38,"[1.0, 1.0, 1.0, 1.0, 1.0]","[1.0, 1.0, 1.0, 1.0, 1.0]",1.0,0.0,sink_output
mbpp:118,phase3a,1,38,"[1.0, 1.0, 1.0, 1.0, 1.0]","[1.0, 0.8333333333333334, 1.0, 1.0, 1.0]",0.5,0.0,stage1
mbpp:126,phase2,1,60,"[1.0, 0.7777777777777778, 0.7777777777777778, 0.5555555555555556, 0.4444444444444444]","[1.0, 1.0, 1.0, 0.8571428571428571, 1.0]",0.9411764705882353,0.0,stage1
mbpp:126,phase3a,1,60,"[1.0, 1.0, 1.0, 1.0, 1.0]","[0.75, 0.75, 0.75, 0.75, 0.75]",0.9444444444444444,0.0,stage1
mbpp:130,phase2,1,54,"[0.875, 0.75, 0.75, 0.625, 0.625]","[1.0, 1.0, 1.0, 1.0, 0.875]",0.9166666666666666,0.0,stage1
mbpp:130,phase3a,1,54,"[1.0, 1.0, 1.0, 1.0, 1.0]","[1.0, 1.0, 1.0, 1.0, 1.0]",0.9473684210526315,0.0,stage1
mbpp:134,phase2,2,22,"[1.0, 1.0, 1.0, 1.0, 1.0]","[1.0, 1.0, 1.0, 1.0, 1.0]",1.0,7.0,stage1_anchor
mbpp:134,phase3a,2,22,"[1.0, 1.0, 1.0, 1.0, 1.0]","[1.0, 1.0, 1.0, 1.0, 1.0]",1.0,7.0,stage1_anchor
mbpp:135,phase2,2,15,"[1.0, 1.0, 1.0, 1.0, 1.0]","[1.0, 1.0, 1.0, 1.0, 1.0]",1.0,0.0,sink_output
mbpp:135,phase3a,2,15,"[1.0, 1.0, 1.0, 1.0, 1.0]","[1.0, 1.0, 1.0, 1.0, 1.0]",1.0,0.0,sink_output
mbpp:138,phase2,1,22,"[1.0, 1.0, 1.0, 1.0, 1.0]","[1.0, 1.0, 1.0, 1.0, 1.0]",1.0,7.0,stage1_anchor
mbpp:138,phase3a,1,22,"[0.75, 0.625, 0.625, 0.5, 0.5]","[1.0, 1.0, 1.0, 1.0, 1.0]",0.8333333333333334,0.0,stage1
mbpp:140,phase2,2,26,"[1.0, 1.0, 1.0, 1.0, 1.0]","[1.0, 1.0, 1.0, 1.0, 1.0]",1.0,5.0,stage1_anchor
mbpp:140,phase3a,2,26,"[1.0, 1.0, 1.0, 1.0, 1.0]","[1.0, 1.0, 1.0, 1.0, 1.0]",0.9375,0.0,stage1
mbpp:142,phase2,0,14,"[1.0, 1.0, 1.0, 1.0, 1.0]","[0.875, 0.875, 0.875, 0.875, 0.875]",1.0,5.0,stage1_anchor
mbpp:142,phase3a,0,14,"[1.0, 1.0, 1.0, 1.0, 1.0]","[0.7142857142857143, 0.7142857142857143, 0.7142857142857143, 0.7142857142857143, 0.7142857142857143]",1.0,4.0,stage1_anchor
mbpp:146,phase2,2,46,"[1.0, 1.0, 1.0, 1.0, 1.0]","[1.0, 1.0, 1.0, 1.0, 1.0]",0.9285714285714286,0.0,stage1
mbpp:146,phase3a,2,46,"[1.0, 1.0, 1.0, 1.0, 1.0]","[1.0, 1.0, 1.0, 1.0, 1.0]",1.0,0.0,sink_output
mbpp:149,phase2,1,19,"[0.8888888888888888, 0.7777777777777778, 0.7777777777777778, 0.6666666666666666, 0.6666666666666666]","[1.0, 1.0, 1.0, 1.0, 1.0]",0.9090909090909091,0.0,stage1
mbpp:149,phase3a,1,19,"[1.0, 1.0, 1.0, 1.0, 1.0]","[1.0, 1.0, 1.0, 1.0, 1.0]",0.9375,0.0,stage1
mbpp:150,phase2,2,28,"[1.0, 1.0, 1.0, 1.0, 1.0]","[1.0, 1.0, 1.0, 1.0, 1.0]",1.0,6.0,stage1_anchor
mbpp:150,phase3a,2,28,"[1.0, 1.0, 1.0, 1.0, 1.0]","[1.0, 1.0, 1.0, 1.0, 1.0]",1.0,7.0,stage1_anchor
mbpp:152,phase2,2,58,"[1.0, 1.0, 1.0, 1.0, 1.0]","[1.0, 1.0, 1.0, 1.0, 1.0]",0.8888888888888888,0.0,stage1
mbpp:152,phase3a,2,58,"[1.0, 1.0, 1.0, 1.0, 1.0]","[0.8571428571428571, 0.8571428571428571, 0.8571428571428571, 0.8571428571428571, 0.8571428571428571]",0.9230769230769231,0.0,stage1
mbpp:159,phase2,0,2,"[1.0, 1.0, 1.0, 1.0, 1.0]","[1.0, 1.0, 1.0, 1.0, 1.0]",0.9375,0.0,stage1
mbpp:159,phase3a,0,2,"[0.8888888888888888, 0.7777777777777778, 0.7777777777777778, 0.6666666666666666, 0.6666666666666666]","[1.0, 1.0, 1.0, 1.0, 1.0]",0.9230769230769231,0.0,stage1
mbpp:160,phase2,0,42,"[1.0, 1.0, 1.0, 1.0, 1.0]","[1.0, 1.0, 1.0, 1.0, 1.0]",0.9375,0.0,stage1
mbpp:160,phase3a,0,42,"[1.0, 1.0, 1.0, 1.0, 1.0]","[1.0, 1.0, 1.0, 1.0, 1.0]",1.0,6.0,stage1_anchor
mbpp:167,phase2,1,11,"[1.0, 1.0, 1.0, 1.0, 1.0]","[1.0, 1.0, 1.0, 1.0, 1.0]",0.9090909090909091,0.0,stage1
mbpp:167,phase3a,1,11,"[1.0, 1.0, 1.0, 1.0, 1.0]","[0.875, 0.875, 0.875, 0.875, 0.875]",0.9375,0.0,stage1
mbpp:17,phase2,2,24,"[1.0, 1.0, 1.0, 1.0, 1.0]","[0.875, 0.875, 0.875, 0.875, 0.875]",1.0,0.0,sink_output
mbpp:17,phase3a,2,24,"[1.0, 1.0, 1.0, 1.0, 1.0]","[1.0, 1.0, 1.0, 1.0, 1.0]",1.0,0.0,checker_approved_proposal
mbpp:174,phase2,1,5,"[0.8888888888888888, 0.7777777777777778, 0.7777777777777778, 0.6666666666666666, 0.6666666666666666]","[1.0, 1.0, 1.0, 1.0, 0.8333333333333334]",1.0,0.0,sink_output
mbpp:174,phase3a,1,5,"[0.75, 0.625, 0.625, 0.5, 0.5]","[1.0, 0.6666666666666666, 0.6666666666666666, 0.6666666666666666, 0.6666666666666666]",0.8333333333333334,0.0,stage1
mbpp:184,phase2,2,31,"[1.0, 1.0, 1.0, 1.0, 1.0]","[0.8888888888888888, 0.8888888888888888, 0.8888888888888888, 0.8888888888888888, 0.8888888888888888]",1.0,0.0,sink_output
mbpp:184,phase3a,2,31,"[1.0, 1.0, 1.0, 1.0, 1.0]","[0.8888888888888888, 0.8888888888888888, 0.8888888888888888, 0.8888888888888888, 0.8888888888888888]",0.9,0.0,stage1
mbpp:185,phase2,1,55,"[1.0, 1.0, 1.0, 0.8333333333333334, 0.8333333333333334]","[1.0, 1.0, 1.0, 1.0, 1.0]",0.9166666666666666,0.0,stage1
mbpp:185,phase3a,1,55,"[1.0, 1.0, 1.0, 1.0, 1.0]","[1.0, 1.0, 1.0, 1.0, 1.0]",0.9375,0.0,stage1
mbpp:188,phase2,0,41,"[1.0, 1.0, 1.0, 1.0, 1.0]","[0.8888888888888888, 0.8888888888888888, 0.8888888888888888, 0.8888888888888888, 0.8888888888888888]",0.9375,0.0,stage1
mbpp:188,phase3a,0,41,"[1.0, 1.0, 1.0, 1.0, 1.0]","[1.0, 1.0, 1.0, 1.0, 1.0]",0.9375,0.0,stage1
mbpp:193,phase2,2,14,"[0.8888888888888888, 0.7777777777777778, 0.7777777777777778, 0.6666666666666666, 0.6666666666666666]","[1.0, 1.0, 1.0, 0.7142857142857143, 0.7142857142857143]",0.9166666666666666,0.0,stage1
mbpp:193,phase3a,2,14,"[1.0, 1.0, 1.0, 1.0, 1.0]","[1.0, 1.0, 1.0, 1.0, 1.0]",0.8461538461538461,0.0,stage1
mbpp:194,phase2,0,44,"[1.0, 1.0, 1.0, 1.0, 1.0]","[0.625, 0.625, 0.625, 0.625, 0.625]",1.0,0.0,sink_output
mbpp:194,phase3a,0,44,"[1.0, 1.0, 1.0, 1.0, 1.0]","[0.6666666666666666, 0.6666666666666666, 0.6666666666666666, 0.6666666666666666, 0.6666666666666666]",1.0,0.0,checker_approved_proposal
mbpp:197,phase2,0,13,"[1.0, 1.0, 1.0, 1.0, 1.0]","[1.0, 1.0, 1.0, 1.0, 1.0]",0.9166666666666666,0.0,sink_output
mbpp:197,phase3a,0,13,"[1.0, 1.0, 1.0, 1.0, 1.0]","[1.0, 1.0, 1.0, 1.0, 0.8333333333333334]",0.875,0.0,checker_approved_proposal
mbpp:210,phase2,0,25,"[1.0, 1.0, 1.0, 1.0, 1.0]","[1.0, 1.0, 1.0, 1.0, 1.0]",1.0,0.0,checker_approved_proposal
mbpp:210,phase3a,0,25,"[1.0, 1.0, 1.0, 1.0, 1.0]","[1.0, 1.0, 1.0, 1.0, 1.0]",1.0,0.0,sink_output
mbpp:213,phase2,2,9,"[1.0, 1.0, 1.0, 1.0, 1.0]","[1.0, 1.0, 1.0, 1.0, 1.0]",0.9230769230769231,0.0,stage1
mbpp:213,phase3a,2,9,"[1.0, 1.0, 1.0, 1.0, 1.0]","[1.0, 1.0, 1.0, 1.0, 1.0]",1.0,0.0,checker_approved_proposal
mbpp:22,phase2,1,15,"[1.0, 1.0, 1.0, 1.0, 1.0]","[1.0, 1.0, 1.0, 0.875, 1.0]",1.0,0.0,sink_output
mbpp:22,phase3a,1,15,"[1.0, 1.0, 1.0, 1.0, 1.0]","[1.0, 1.0, 1.0, 1.0, 1.0]",1.0,0.0,sink_output
mbpp:221,phase2,2,45,"[1.0, 1.0, 1.0, 1.0, 1.0]","[1.0, 1.0, 1.0, 1.0, 1.0]",1.0,0.0,sink_output
mbpp:221,phase3a,2,45,"[0.8888888888888888, 0.7777777777777778, 0.7777777777777778, 0.6666666666666666, 0.6666666666666666]","[1.0, 1.0, 0.8333333333333334, 0.8333333333333334, 0.8333333333333334]",1.0,0.0,sink_output
mbpp:222,phase2,2,55,"[1.0, 1.0, 1.0, 1.0, 1.0]","[1.0, 1.0, 1.0, 1.0, 1.0]",0.9166666666666666,0.0,checker_approved_proposal
mbpp:222,phase3a,2,55,"[0.8571428571428571, 0.7142857142857143, 0.7142857142857143, 0.5714285714285714, 0.5714285714285714]","[1.0, 1.0, 1.0, 0.8, 1.0]",1.0,0.0,checker_approved_proposal
mbpp:225,phase2,1,30,"[1.0, 1.0, 1.0, 1.0, 1.0]","[1.0, 1.0, 1.0, 1.0, 1.0]",0.9411764705882353,0.0,stage1
mbpp:225,phase3a,1,30,"[1.0, 1.0, 1.0, 1.0, 1.0]","[1.0, 1.0, 1.0, 1.0, 1.0]",1.0,0.0,sink_output
mbpp:230,phase2,2,6,"[1.0, 1.0, 1.0, 1.0, 1.0]","[0.75, 0.75, 0.75, 0.75, 0.75]",0.9166666666666666,0.0,stage1
mbpp:230,phase3a,2,6,"[1.0, 1.0, 1.0, 1.0, 1.0]","[0.75, 0.75, 0.75, 0.75, 0.75]",1.0,0.0,sink_output
mbpp:234,phase2,0,38,"[1.0, 1.0, 1.0, 1.0, 1.0]","[1.0, 1.0, 1.0, 0.8888888888888888, 1.0]",1.0,0.0,sink_output
mbpp:234,phase3a,0,38,"[1.0, 1.0, 1.0, 1.0, 1.0]","[1.0, 1.0, 1.0, 1.0, 1.0]",0.8333333333333334,0.0,stage1
mbpp:249,phase2,1,46,"[1.0, 1.0, 1.0, 1.0, 1.0]","[1.0, 1.0, 1.0, 1.0, 1.0]",1.0,0.0,sink_output
mbpp:249,phase3a,1,46,"[1.0, 1.0, 1.0, 1.0, 1.0]","[1.0, 1.0, 1.0, 1.0, 1.0]",0.9411764705882353,0.0,stage1
mbpp:258,phase2,2,52,"[1.0, 1.0, 1.0, 1.0, 1.0]","[1.0, 1.0, 1.0, 1.0, 1.0]",1.0,0.0,checker_approved_proposal
mbpp:258,phase3a,2,52,"[1.0, 1.0, 1.0, 1.0, 1.0]","[1.0, 1.0, 1.0, 1.0, 1.0]",0.9090909090909091,0.0,stage1
mbpp:270,phase2,1,37,"[0.8888888888888888, 0.7777777777777778, 0.7777777777777778, 0.6666666666666666, 0.6666666666666666]","[1.0, 1.0, 1.0, 1.0, 1.0]",0.9090909090909091,0.0,stage1
mbpp:270,phase3a,1,37,"[0.8888888888888888, 0.7777777777777778, 0.7777777777777778, 0.6666666666666666, 0.6666666666666666]","[1.0, 1.0, 1.0, 1.0, 1.0]",0.9090909090909091,0.0,stage1
mbpp:285,phase2,1,48,"[1.0, 1.0, 1.0, 1.0, 1.0]","[0.8571428571428571, 0.8571428571428571, 0.8571428571428571, 0.8571428571428571, 0.8571428571428571]",1.0,4.0,stage1_anchor
mbpp:285,phase3a,1,48,"[1.0, 1.0, 1.0, 1.0, 1.0]","[1.0, 1.0, 1.0, 1.0, 1.0]",1.0,5.0,sink_output
mbpp:29,phase2,1,28,"[0.875, 0.75, 0.75, 0.625, 0.625]","[1.0, 1.0, 1.0, 1.0, 1.0]",0.9,0.0,stage1
mbpp:29,phase3a,1,28,"[1.0, 1.0, 1.0, 1.0, 1.0]","[1.0, 1.0, 1.0, 1.0, 1.0]",0.9333333333333333,0.0,stage1
mbpp:293,phase2,2,43,"[0.875, 0.75, 0.75, 0.625, 0.625]","[0.875, 0.875, 0.875, 0.875, 0.875]",1.0,6.0,stage1_anchor
mbpp:293,phase3a,2,43,"[1.0, 1.0, 1.0, 1.0, 1.0]","[1.0, 1.0, 1.0, 1.0, 1.0]",1.0,0.0,sink_output
mbpp:297,phase2,0,4,"[1.0, 1.0, 1.0, 1.0, 1.0]","[1.0, 1.0, 1.0, 1.0, 1.0]",1.0,0.0,sink_output
mbpp:297,phase3a,0,4,"[1.0, 1.0, 1.0, 1.0, 1.0]","[1.0, 1.0, 1.0, 1.0, 1.0]",0.8,0.0,stage1
mbpp:302,phase2,1,16,"[1.0, 1.0, 1.0, 1.0, 1.0]","[1.0, 1.0, 1.0, 1.0, 1.0]",0.875,0.0,stage1
mbpp:302,phase3a,1,16,"[1.0, 1.0, 1.0, 1.0, 1.0]","[1.0, 1.0, 1.0, 1.0, 1.0]",1.0,0.0,sink_output
mbpp:305,phase2,1,32,"[1.0, 1.0, 1.0, 1.0, 1.0]","[1.0, 1.0, 1.0, 1.0, 1.0]",0.9090909090909091,0.0,stage1
mbpp:305,phase3a,1,32,"[1.0, 1.0, 1.0, 1.0, 1.0]","[0.8888888888888888, 0.8888888888888888, 0.8888888888888888, 0.8888888888888888, 0.8888888888888888]",0.9375,0.0,stage1
mbpp:308,phase2,0,29,"[1.0, 1.0, 1.0, 1.0, 1.0]","[1.0, 1.0, 1.0, 1.0, 1.0]",0.9411764705882353,0.0,stage1
mbpp:308,phase3a,0,29,"[1.0, 1.0, 1.0, 1.0, 1.0]","[0.8571428571428571, 0.8571428571428571, 0.8571428571428571, 0.8571428571428571, 0.8571428571428571]",0.9375,0.0,stage1
mbpp:322,phase2,1,42,"[1.0, 1.0, 1.0, 1.0, 1.0]","[1.0, 1.0, 1.0, 1.0, 1.0]",1.0,0.0,sink_output
mbpp:322,phase3a,1,42,"[0.8888888888888888, 0.7777777777777778, 0.7777777777777778, 0.6666666666666666, 0.6666666666666666]","[1.0, 1.0, 1.0, 0.875, 0.625]",1.0,0.0,sink_output
mbpp:323,phase2,1,9,"[1.0, 1.0, 1.0, 1.0, 1.0]","[0.7142857142857143, 0.7142857142857143, 0.7142857142857143, 0.7142857142857143, 0.7142857142857143]",1.0,4.0,stage1_anchor
mbpp:323,phase3a,1,9,"[1.0, 1.0, 1.0, 1.0, 1.0]","[0.75, 0.75, 0.75, 0.75, 0.75]",1.0,4.0,stage1_anchor
mbpp:326,phase2,0,9,"[1.0, 1.0, 1.0, 1.0, 1.0]","[1.0, 1.0, 1.0, 1.0, 1.0]",0.9375,0.0,stage1
mbpp:326,phase3a,0,9,"[1.0, 1.0, 1.0, 1.0, 1.0]","[0.875, 0.875, 0.875, 0.875, 0.875]",0.9411764705882353,0.0,stage1
mbpp:33,phase2,2,10,"[1.0, 1.0, 1.0, 1.0, 1.0]","[1.0, 1.0, 1.0, 1.0, 1.0]",1.0,5.0,sink_output
mbpp:33,phase3a,2,10,"[1.0, 1.0, 1.0, 1.0, 1.0]","[1.0, 1.0, 1.0, 1.0, 1.0]",1.0,4.0,stage1_anchor
mbpp:331,phase2,0,11,"[1.0, 1.0, 1.0, 1.0, 1.0]","[1.0, 1.0, 1.0, 1.0, 1.0]",0.9375,0.0,stage1
mbpp:331,phase3a,0,11,"[1.0, 1.0, 1.0, 1.0, 1.0]","[1.0, 1.0, 1.0, 1.0, 1.0]",0.9333333333333333,0.0,stage1
mbpp:340,phase2,2,50,"[1.0, 1.0, 1.0, 1.0, 1.0]","[1.0, 1.0, 1.0, 1.0, 1.0]",0.9285714285714286,0.0,sink_output
mbpp:340,phase3a,2,50,"[1.0, 1.0, 1.0, 1.0, 1.0]","[1.0, 1.0, 1.0, 1.0, 1.0]",0.875,0.0,stage1
mbpp:341,phase2,0,18,"[1.0, 1.0, 1.0, 1.0, 1.0]","[1.0, 1.0, 0.7777777777777778, 0.7777777777777778, 0.7777777777777778]",1.0,0.0,sink_output
mbpp:341,phase3a,0,18,"[1.0, 1.0, 1.0, 1.0, 1.0]","[1.0, 1.0, 1.0, 1.0, 1.0]",1.0,0.0,sink_output
mbpp:35,phase2,2,63,"[1.0, 1.0, 1.0, 1.0, 1.0]","[0.875, 0.875, 0.875, 0.875, 0.875]",1.0,0.0,sink_output
mbpp:35,phase3a,2,63,"[1.0, 1.0, 1.0, 1.0, 1.0]","[0.6666666666666666, 0.6666666666666666, 0.6666666666666666, 0.6666666666666666, 0.6666666666666666]",1.0,0.0,checker_approved_proposal
mbpp:350,phase2,2,38,"[1.0, 1.0, 1.0, 1.0, 1.0]","[1.0, 1.0, 1.0, 1.0, 1.0]",1.0,6.0,stage1_anchor
mbpp:350,phase3a,2,38,"[1.0, 1.0, 1.0, 1.0, 1.0]","[1.0, 1.0, 1.0, 1.0, 1.0]",0.9375,0.0,stage1
mbpp:36,phase2,0,16,"[1.0, 1.0, 1.0, 1.0, 1.0]","[1.0, 1.0, 1.0, 1.0, 1.0]",0.9375,0.0,stage1
mbpp:36,phase3a,0,16,"[1.0, 1.0, 1.0, 1.0, 1.0]","[1.0, 1.0, 1.0, 1.0, 1.0]",0.9375,0.0,stage1
mbpp:362,phase2,1,43,"[1.0, 1.0, 1.0, 1.0, 1.0]","[1.0, 1.0, 1.0, 1.0, 1.0]",1.0,7.0,stage1_anchor
mbpp:362,phase3a,1,43,"[1.0, 1.0, 1.0, 1.0, 1.0]","[1.0, 1.0, 1.0, 1.0, 1.0]",1.0,7.0,stage1_anchor
mbpp:363,phase2,1,31,"[1.0, 1.0, 1.0, 1.0, 1.0]","[0.875, 0.875, 0.875, 0.875, 0.875]",1.0,0.0,sink_output
mbpp:363,phase3a,1,31,"[1.0, 1.0, 1.0, 1.0, 1.0]","[0.8, 0.8, 0.8, 0.8, 0.8]",1.0,0.0,sink_output
mbpp:365,phase2,2,32,"[1.0, 1.0, 1.0, 1.0, 1.0]","[0.6666666666666666, 0.6666666666666666, 0.6666666666666666, 0.6666666666666666, 0.6666666666666666]",1.0,0.0,sink_output
mbpp:365,phase3a,2,32,"[1.0, 1.0, 1.0, 1.0, 1.0]","[0.8571428571428571, 0.8571428571428571, 0.8571428571428571, 0.8571428571428571, 0.8571428571428571]",1.0,0.0,sink_output
mbpp:381,phase2,1,62,"[1.0, 1.0, 1.0, 0.8, 0.8]","[1.0, 1.0, 1.0, 0.8333333333333334, 0.8333333333333334]",1.0,0.0,checker_approved_proposal
mbpp:381,phase3a,1,62,"[1.0, 1.0, 1.0, 1.0, 1.0]","[1.0, 1.0, 1.0, 1.0, 1.0]",1.0,0.0,sink_output
mbpp:389,phase2,2,13,"[1.0, 1.0, 1.0, 1.0, 1.0]","[1.0, 1.0, 1.0, 1.0, 1.0]",1.0,0.0,sink_output
mbpp:389,phase3a,2,13,"[1.0, 1.0, 1.0, 1.0, 1.0]","[0.5, 0.5, 0.5, 0.5, 0.5]",0.9333333333333333,0.0,stage1
mbpp:39,phase2,0,48,"[1.0, 1.0, 1.0, 1.0, 1.0]","[0.8888888888888888, 0.8888888888888888, 0.8888888888888888, 0.8888888888888888, 0.8888888888888888]",0.9375,0.0,stage1
mbpp:39,phase3a,0,48,"[1.0, 1.0, 1.0, 1.0, 1.0]","[0.7142857142857143, 0.7142857142857143, 0.7142857142857143, 0.7142857142857143, 0.7142857142857143]",0.9375,0.0,stage1
mbpp:398,phase2,0,0,"[1.0, 1.0, 1.0, 1.0, 1.0]","[1.0, 1.0, 1.0, 1.0, 1.0]",0.9411764705882353,0.0,stage1
mbpp:398,phase3a,0,0,"[1.0, 1.0, 1.0, 1.0, 1.0]","[1.0, 1.0, 1.0, 1.0, 1.0]",0.9411764705882353,0.0,stage1
mbpp:405,phase2,1,49,"[1.0, 1.0, 1.0, 1.0, 1.0]","[0.75, 0.75, 0.75, 0.75, 0.75]",1.0,0.0,sink_output
mbpp:405,phase3a,1,49,"[1.0, 1.0, 1.0, 1.0, 1.0]","[1.0, 1.0, 1.0, 1.0, 1.0]",1.0,0.0,checker_approved_proposal
mbpp:419,phase2,2,11,"[1.0, 1.0, 1.0, 1.0, 1.0]","[1.0, 1.0, 1.0, 1.0, 1.0]",0.9230769230769231,0.0,stage1
mbpp:419,phase3a,2,11,"[1.0, 1.0, 1.0, 1.0, 1.0]","[0.8333333333333334, 0.8333333333333334, 0.8333333333333334, 0.8333333333333334, 0.8333333333333334]",1.0,0.0,checker_approved_proposal
mbpp:441,phase2,2,36,"[1.0, 1.0, 1.0, 1.0, 1.0]","[0.8333333333333334, 0.8333333333333334, 0.8333333333333334, 0.8333333333333334, 0.8333333333333334]",0.8,0.0,stage1
mbpp:441,phase3a,2,36,"[1.0, 1.0, 1.0, 1.0, 1.0]","[1.0, 1.0, 1.0, 1.0, 1.0]",0.8571428571428571,0.0,stage1
mbpp:445,phase2,2,35,"[1.0, 1.0, 1.0, 1.0, 1.0]","[1.0, 1.0, 1.0, 1.0, 1.0]",0.9444444444444444,0.0,stage1
mbpp:445,phase3a,2,35,"[1.0, 1.0, 1.0, 1.0, 1.0]","[1.0, 1.0, 1.0, 1.0, 1.0]",0.9375,0.0,stage1
mbpp:451,phase2,2,57,"[1.0, 1.0, 1.0, 1.0, 1.0]","[1.0, 1.0, 1.0, 1.0, 1.0]",1.0,0.0,sink_output
mbpp:451,phase3a,2,57,"[1.0, 1.0, 1.0, 1.0, 1.0]","[0.875, 0.625, 0.625, 0.875, 0.875]",1.0,0.0,sink_output
mbpp:454,phase2,1,34,"[1.0, 1.0, 1.0, 1.0, 1.0]","[1.0, 1.0, 1.0, 1.0, 1.0]",1.0,7.0,recovery_output
mbpp:454,phase3a,1,34,"[1.0, 1.0, 1.0, 1.0, 1.0]","[1.0, 1.0, 1.0, 1.0, 1.0]",1.0,6.0,recovery_output
mbpp:455,phase2,0,21,"[1.0, 1.0, 1.0, 1.0, 1.0]","[1.0, 1.0, 1.0, 1.0, 1.0]",1.0,0.0,sink_output
mbpp:455,phase3a,0,21,"[1.0, 1.0, 1.0, 1.0, 1.0]","[1.0, 1.0, 1.0, 1.0, 1.0]",0.9090909090909091,0.0,checker_approved_proposal
mbpp:46,phase2,1,36,"[1.0, 1.0, 1.0, 1.0, 1.0]","[1.0, 1.0, 1.0, 1.0, 1.0]",1.0,0.0,sink_output
mbpp:46,phase3a,1,36,"[1.0, 1.0, 1.0, 1.0, 1.0]","[0.75, 0.75, 0.75, 0.75, 0.75]",1.0,0.0,sink_output
mbpp:461,phase2,0,23,"[1.0, 1.0, 1.0, 1.0, 1.0]","[0.7142857142857143, 0.7142857142857143, 0.7142857142857143, 0.7142857142857143, 0.7142857142857143]",1.0,4.0,stage1_anchor
mbpp:461,phase3a,0,23,"[1.0, 1.0, 1.0, 1.0, 1.0]","[1.0, 1.0, 1.0, 1.0, 1.0]",1.0,4.0,sink_output
mbpp:466,phase2,2,7,"[1.0, 1.0, 1.0, 1.0, 1.0]","[1.0, 1.0, 1.0, 1.0, 1.0]",1.0,5.0,recovery_output
mbpp:466,phase3a,2,7,"[1.0, 1.0, 1.0, 1.0, 1.0]","[1.0, 1.0, 1.0, 1.0, 1.0]",1.0,6.0,stage1_anchor
mbpp:468,phase2,0,27,"[1.0, 1.0, 1.0, 1.0, 1.0]","[1.0, 1.0, 1.0, 1.0, 1.0]",0.9090909090909091,0.0,stage1
mbpp:468,phase3a,0,27,"[0.8888888888888888, 0.7777777777777778, 0.7777777777777778, 0.6666666666666666, 0.6666666666666666]","[1.0, 1.0, 1.0, 1.0, 1.0]",0.9090909090909091,0.0,stage1
mbpp:469,phase2,1,4,"[1.0, 1.0, 1.0, 1.0, 1.0]","[1.0, 1.0, 1.0, 1.0, 1.0]",0.9166666666666666,0.0,stage1
mbpp:469,phase3a,1,4,"[0.8888888888888888, 0.7777777777777778, 0.7777777777777778, 0.6666666666666666, 0.6666666666666666]","[1.0, 1.0, 1.0, 1.0, 1.0]",0.9090909090909091,0.0,stage1
mbpp:471,phase2,2,42,"[1.0, 1.0, 1.0, 1.0, 1.0]","[1.0, 1.0, 1.0, 1.0, 1.0]",0.8888888888888888,7.0,stage1_anchor
mbpp:471,phase3a,2,42,"[1.0, 1.0, 1.0, 1.0, 1.0]","[1.0, 1.0, 1.0, 1.0, 1.0]",0.9375,0.0,stage1
mbpp:474,phase2,1,53,"[1.0, 1.0, 1.0, 1.0, 1.0]","[1.0, 1.0, 1.0, 1.0, 1.0]",1.0,0.0,sink_output
mbpp:474,phase3a,1,53,"[1.0, 1.0, 1.0, 1.0, 1.0]","[1.0, 1.0, 1.0, 1.0, 1.0]",1.0,0.0,sink_output
mbpp:477,phase2,1,33,"[1.0, 1.0, 1.0, 1.0, 1.0]","[1.0, 1.0, 1.0, 1.0, 1.0]",1.0,0.0,checker_approved_proposal
mbpp:477,phase3a,1,33,"[1.0, 1.0, 1.0, 1.0, 1.0]","[1.0, 1.0, 1.0, 1.0, 1.0]",1.0,0.0,checker_approved_proposal
mbpp:480,phase2,1,51,"[1.0, 1.0, 1.0, 1.0, 1.0]","[1.0, 1.0, 1.0, 1.0, 1.0]",0.9090909090909091,0.0,stage1
mbpp:480,phase3a,1,51,"[0.8571428571428571, 0.7142857142857143, 0.7142857142857143, 0.5714285714285714, 0.5714285714285714]","[1.0, 1.0, 1.0, 1.0, 1.0]",0.9090909090909091,0.0,stage1
mbpp:483,phase2,2,47,"[1.0, 1.0, 1.0, 1.0, 1.0]","[1.0, 1.0, 1.0, 1.0, 1.0]",1.0,6.0,stage1_anchor
mbpp:483,phase3a,2,47,"[1.0, 1.0, 1.0, 1.0, 1.0]","[1.0, 1.0, 1.0, 1.0, 1.0]",1.0,6.0,stage1_anchor
mbpp:489,phase2,1,12,"[1.0, 1.0, 1.0, 1.0, 1.0]","[1.0, 1.0, 1.0, 1.0, 1.0]",1.0,0.0,sink_output
mbpp:489,phase3a,1,12,"[1.0, 1.0, 1.0, 1.0, 1.0]","[1.0, 1.0, 1.0, 1.0, 1.0]",1.0,0.0,sink_output
mbpp:497,phase2,1,26,"[0.8888888888888888, 0.7777777777777778, 0.7777777777777778, 0.6666666666666666, 0.6666666666666666]","[1.0, 0.8333333333333334, 0.8333333333333334, 1.0, 1.0]",1.0,0.0,sink_output
mbpp:497,phase3a,1,26,"[0.8888888888888888, 0.7777777777777778, 0.7777777777777778, 0.6666666666666666, 0.6666666666666666]","[1.0, 1.0, 0.8571428571428571, 0.8571428571428571, 0.8571428571428571]",1.0,0.0,sink_output
mbpp:498,phase2,1,56,"[1.0, 1.0, 1.0, 0.7142857142857143, 1.0]","[1.0, 1.0, 1.0, 0.875, 1.0]",1.0,0.0,sink_output
mbpp:498,phase3a,1,56,"[1.0, 1.0, 1.0, 1.0, 1.0]","[0.875, 0.875, 0.875, 0.875, 0.875]",0.9375,0.0,stage1
mbpp:499,phase2,2,53,"[0.8888888888888888, 0.7777777777777778, 0.7777777777777778, 0.6666666666666666, 0.6666666666666666]","[1.0, 1.0, 1.0, 1.0, 1.0]",0.8888888888888888,0.0,stage1
mbpp:499,phase3a,2,53,"[0.8888888888888888, 0.7777777777777778, 0.7777777777777778, 0.6666666666666666, 0.6666666666666666]","[1.0, 1.0, 0.75, 0.625, 0.625]",1.0,0.0,checker_approved_proposal
mbpp:506,phase2,1,50,"[0.8888888888888888, 0.7777777777777778, 0.7777777777777778, 0.6666666666666666, 0.6666666666666666]","[1.0, 1.0, 1.0, 1.0, 1.0]",0.9166666666666666,0.0,stage1
mbpp:506,phase3a,1,50,"[0.8888888888888888, 0.7777777777777778, 0.7777777777777778, 0.6666666666666666, 0.6666666666666666]","[1.0, 1.0, 1.0, 0.75, 0.875]",0.9230769230769231,0.0,stage1
mbpp:512,phase2,2,20,"[1.0, 1.0, 1.0, 1.0, 1.0]","[1.0, 1.0, 1.0, 1.0, 1.0]",0.9375,0.0,stage1
mbpp:512,phase3a,2,20,"[1.0, 1.0, 1.0, 1.0, 1.0]","[1.0, 1.0, 1.0, 1.0, 1.0]",0.9375,0.0,stage1
mbpp:516,phase2,0,43,"[1.0, 1.0, 1.0, 1.0, 1.0]","[1.0, 1.0, 1.0, 1.0, 1.0]",0.9375,0.0,stage1
mbpp:516,phase3a,0,43,"[1.0, 1.0, 1.0, 1.0, 1.0]","[0.8888888888888888, 0.8888888888888888, 0.8888888888888888, 0.8888888888888888, 0.8888888888888888]",0.9375,0.0,stage1
mbpp:52,phase2,1,0,"[1.0, 1.0, 1.0, 1.0, 1.0]","[1.0, 0.875, 1.0, 1.0, 0.875]",0.8,0.0,stage1
mbpp:52,phase3a,1,0,"[1.0, 1.0, 1.0, 1.0, 1.0]","[1.0, 0.875, 0.875, 0.875, 1.0]",1.0,0.0,sink_output
mbpp:526,phase2,1,23,"[1.0, 1.0, 1.0, 1.0, 1.0]","[1.0, 1.0, 1.0, 1.0, 1.0]",0.8888888888888888,0.0,stage1
mbpp:526,phase3a,1,23,"[1.0, 1.0, 1.0, 1.0, 1.0]","[0.875, 0.875, 0.875, 0.875, 0.875]",0.9375,0.0,stage1
mbpp:527,phase2,1,17,"[1.0, 1.0, 1.0, 1.0, 1.0]","[0.875, 0.875, 0.875, 0.875, 0.875]",0.9090909090909091,0.0,stage1
mbpp:527,phase3a,1,17,"[1.0, 1.0, 1.0, 1.0, 1.0]","[1.0, 1.0, 1.0, 1.0, 1.0]",0.9375,0.0,stage1
mbpp:531,phase2,2,2,"[1.0, 1.0, 1.0, 1.0, 1.0]","[1.0, 1.0, 1.0, 1.0, 1.0]",0.9375,0.0,stage1
mbpp:531,phase3a,2,2,"[1.0, 1.0, 1.0, 1.0, 1.0]","[1.0, 1.0, 1.0, 1.0, 1.0]",0.9375,0.0,stage1
mbpp:540,phase2,0,47,"[1.0, 1.0, 1.0, 1.0, 1.0]","[0.75, 0.75, 0.75, 0.75, 0.75]",0.9333333333333333,0.0,stage1
mbpp:540,phase3a,0,47,"[1.0, 1.0, 1.0, 1.0, 1.0]","[0.875, 0.875, 0.875, 0.875, 0.875]",0.9375,0.0,stage1
mbpp:547,phase2,2,18,"[1.0, 1.0, 1.0, 1.0, 1.0]","[1.0, 1.0, 1.0, 1.0, 1.0]",0.9375,0.0,stage1
mbpp:547,phase3a,2,18,"[1.0, 1.0, 1.0, 1.0, 1.0]","[1.0, 1.0, 1.0, 1.0, 1.0]",0.9375,0.0,stage1
mbpp:55,phase2,0,30,"[1.0, 1.0, 1.0, 1.0, 1.0]","[1.0, 1.0, 1.0, 1.0, 1.0]",1.0,0.0,sink_output
mbpp:55,phase3a,0,30,"[1.0, 1.0, 1.0, 1.0, 1.0]","[0.8571428571428571, 0.8571428571428571, 0.8571428571428571, 0.8571428571428571, 0.8571428571428571]",0.9,0.0,stage1
mbpp:550,phase2,1,14,"[1.0, 1.0, 1.0, 1.0, 1.0]","[0.625, 0.625, 0.625, 0.625, 0.625]",0.9333333333333333,0.0,stage1
mbpp:550,phase3a,1,14,"[1.0, 1.0, 1.0, 1.0, 1.0]","[1.0, 1.0, 1.0, 1.0, 1.0]",0.9333333333333333,0.0,stage1
mbpp:552,phase2,2,30,"[1.0, 1.0, 1.0, 1.0, 1.0]","[1.0, 1.0, 1.0, 1.0, 1.0]",1.0,5.0,stage1_anchor
mbpp:552,phase3a,2,30,"[1.0, 1.0, 1.0, 1.0, 1.0]","[1.0, 1.0, 1.0, 1.0, 1.0]",1.0,5.0,sink_output
mbpp:560,phase2,0,32,"[1.0, 1.0, 1.0, 1.0, 1.0]","[1.0, 1.0, 1.0, 1.0, 1.0]",0.9411764705882353,0.0,stage1
mbpp:560,phase3a,0,32,"[1.0, 1.0, 1.0, 1.0, 1.0]","[0.7142857142857143, 0.7142857142857143, 0.7142857142857143, 0.7142857142857143, 0.7142857142857143]",0.9375,0.0,stage1
mbpp:574,phase2,0,12,"[1.0, 1.0, 1.0, 1.0, 1.0]","[1.0, 1.0, 1.0, 1.0, 1.0]",1.0,7.0,stage1_anchor
mbpp:574,phase3a,0,12,"[1.0, 1.0, 1.0, 1.0, 1.0]","[1.0, 1.0, 1.0, 1.0, 1.0]",1.0,6.0,stage1_anchor
mbpp:576,phase2,1,47,"[1.0, 1.0, 1.0, 1.0, 1.0]","[0.7777777777777778, 0.7777777777777778, 0.7777777777777778, 0.7777777777777778, 0.7777777777777778]",0.9333333333333333,0.0,stage1
mbpp:576,phase3a,1,47,"[1.0, 1.0, 1.0, 1.0, 1.0]","[1.0, 1.0, 1.0, 1.0, 1.0]",0.9411764705882353,0.0,stage1
mbpp:577,phase2,1,27,"[1.0, 1.0, 1.0, 1.0, 1.0]","[1.0, 1.0, 1.0, 1.0, 1.0]",1.0,0.0,sink_output
mbpp:577,phase3a,1,27,"[1.0, 1.0, 1.0, 1.0, 1.0]","[1.0, 1.0, 1.0, 1.0, 1.0]",1.0,0.0,sink_output
mbpp:581,phase2,0,19,"[1.0, 1.0, 1.0, 1.0, 1.0]","[0.875, 0.875, 0.875, 0.875, 0.875]",0.9090909090909091,0.0,stage1
mbpp:581,phase3a,0,19,"[1.0, 1.0, 1.0, 1.0, 1.0]","[1.0, 1.0, 1.0, 1.0, 1.0]",1.0,0.0,checker_approved_proposal
mbpp:582,phase2,2,64,"[0.8888888888888888, 0.7777777777777778, 0.7777777777777778, 0.6666666666666666, 0.6666666666666666]","[1.0, 1.0, 1.0, 1.0, 1.0]",0.9,0.0,stage1
mbpp:582,phase3a,2,64,"[0.8888888888888888, 0.7777777777777778, 0.7777777777777778, 0.6666666666666666, 0.6666666666666666]","[1.0, 1.0, 1.0, 1.0, 1.0]",0.8181818181818182,0.0,stage1
mbpp:587,phase2,2,25,"[1.0, 1.0, 1.0, 1.0, 1.0]","[0.75, 0.75, 0.75, 0.75, 0.75]",1.0,0.0,sink_output
mbpp:587,phase3a,2,25,"[1.0, 1.0, 1.0, 1.0, 1.0]","[0.625, 0.625, 0.625, 0.625, 0.625]",1.0,0.0,sink_output
mbpp:590,phase2,0,17,"[1.0, 1.0, 1.0, 1.0, 1.0]","[1.0, 1.0, 1.0, 1.0, 1.0]",1.0,7.0,stage1_anchor
mbpp:590,phase3a,0,17,"[1.0, 1.0, 1.0, 1.0, 1.0]","[1.0, 1.0, 1.0, 1.0, 1.0]",1.0,7.0,stage1_anchor
mbpp:596,phase2,2,23,"[1.0, 1.0, 1.0, 1.0, 1.0]","[0.75, 0.75, 0.75, 0.75, 0.75]",1.0,0.0,checker_approved_proposal
mbpp:596,phase3a,2,23,"[0.875, 0.75, 0.75, 0.625, 0.625]","[1.0, 1.0, 0.75, 0.75, 0.875]",1.0,0.0,sink_output
mbpp:61,phase2,0,8,"[1.0, 1.0, 1.0, 1.0, 1.0]","[1.0, 1.0, 1.0, 1.0, 1.0]",0.9375,0.0,stage1
mbpp:61,phase3a,0,8,"[1.0, 1.0, 1.0, 1.0, 1.0]","[1.0, 1.0, 1.0, 1.0, 1.0]",0.9375,0.0,stage1
mbpp:610,phase2,2,27,"[1.0, 1.0, 1.0, 1.0, 1.0]","[1.0, 1.0, 1.0, 1.0, 1.0]",1.0,0.0,sink_output
mbpp:610,phase3a,2,27,"[1.0, 1.0, 1.0, 1.0, 1.0]","[1.0, 1.0, 0.875, 0.875, 0.875]",0.875,0.0,sink_output
mbpp:618,phase2,0,36,"[1.0, 1.0, 1.0, 1.0, 1.0]","[0.6666666666666666, 0.6666666666666666, 0.6666666666666666, 0.6666666666666666, 0.6666666666666666]",0.875,0.0,stage1
mbpp:618,phase3a,0,36,"[1.0, 1.0, 1.0, 1.0, 1.0]","[0.7142857142857143, 0.7142857142857143, 0.7142857142857143, 0.7142857142857143, 0.7142857142857143]",1.0,0.0,sink_output
mbpp:621,phase2,0,35,"[1.0, 1.0, 1.0, 1.0, 1.0]","[1.0, 1.0, 1.0, 1.0, 1.0]",1.0,0.0,sink_output
mbpp:621,phase3a,0,35,"[0.875, 0.75, 0.75, 0.625, 0.625]","[1.0, 1.0, 1.0, 0.6666666666666666, 1.0]",1.0,0.0,sink_output
mbpp:622,phase2,0,39,"[1.0, 1.0, 1.0, 1.0, 1.0]","[1.0, 1.0, 1.0, 1.0, 1.0]",0.9444444444444444,0.0,stage1
mbpp:622,phase3a,0,39,"[1.0, 1.0, 1.0, 1.0, 1.0]","[1.0, 1.0, 1.0, 1.0, 1.0]",0.9375,0.0,stage1
mbpp:629,phase2,1,61,"[1.0, 1.0, 1.0, 1.0, 0.75]","[0.8333333333333334, 0.8333333333333334, 0.8333333333333334, 0.8333333333333334, 0.6666666666666666]",1.0,0.0,checker_approved_proposal
mbpp:629,phase3a,1,61,"[1.0, 1.0, 1.0, 1.0, 1.0]","[0.75, 0.75, 0.75, 0.75, 0.75]",1.0,0.0,sink_output
mbpp:631,phase2,2,21,"[1.0, 1.0, 1.0, 1.0, 1.0]","[1.0, 1.0, 1.0, 1.0, 1.0]",0.9090909090909091,0.0,stage1
mbpp:631,phase3a,2,21,"[1.0, 1.0, 1.0, 1.0, 1.0]","[0.75, 0.75, 0.75, 0.75, 0.75]",0.9375,0.0,stage1
mbpp:645,phase2,1,35,"[1.0, 1.0, 1.0, 1.0, 1.0]","[1.0, 1.0, 1.0, 1.0, 1.0]",1.0,5.0,stage1_anchor
mbpp:645,phase3a,1,35,"[1.0, 1.0, 1.0, 1.0, 1.0]","[1.0, 0.875, 0.875, 1.0, 1.0]",0.8333333333333334,5.0,sink_output
mbpp:646,phase2,1,63,"[1.0, 0.75, 1.0, 0.75, 0.75]","[0.8333333333333334, 0.6666666666666666, 0.8333333333333334, 0.8333333333333334, 0.8333333333333334]",1.0,0.0,checker_approved_proposal
mbpp:646,phase3a,1,63,"[1.0, 1.0, 1.0, 1.0, 1.0]","[1.0, 1.0, 1.0, 1.0, 1.0]",1.0,0.0,checker_approved_proposal
mbpp:652,phase2,2,44,"[1.0, 1.0, 1.0, 1.0, 1.0]","[1.0, 1.0, 1.0, 1.0, 1.0]",1.0,6.0,stage1_anchor
mbpp:652,phase3a,2,44,"[1.0, 1.0, 1.0, 1.0, 1.0]","[0.7142857142857143, 0.7142857142857143, 0.7142857142857143, 0.7142857142857143, 0.7142857142857143]",1.0,4.0,stage1_anchor
mbpp:653,phase2,1,45,"[1.0, 1.0, 1.0, 1.0, 1.0]","[1.0, 1.0, 1.0, 1.0, 1.0]",0.9090909090909091,0.0,stage1
mbpp:653,phase3a,1,45,"[1.0, 1.0, 1.0, 1.0, 1.0]","[1.0, 1.0, 1.0, 1.0, 1.0]",0.9166666666666666,0.0,stage1
mbpp:655,phase2,2,3,"[1.0, 1.0, 1.0, 1.0, 1.0]","[0.8571428571428571, 0.8571428571428571, 0.8571428571428571, 0.8571428571428571, 0.8571428571428571]",1.0,0.0,sink_output
mbpp:655,phase3a,2,3,"[1.0, 1.0, 1.0, 1.0, 1.0]","[0.75, 0.75, 0.75, 0.75, 0.75]",0.9333333333333333,0.0,stage1
mbpp:659,phase2,2,33,"[1.0, 1.0, 1.0, 1.0, 1.0]","[1.0, 1.0, 1.0, 1.0, 1.0]",0.9375,0.0,stage1
mbpp:659,phase3a,2,33,"[1.0, 1.0, 1.0, 1.0, 1.0]","[1.0, 1.0, 1.0, 1.0, 1.0]",0.9411764705882353,0.0,stage1
mbpp:660,phase2,0,5,"[1.0, 1.0, 1.0, 1.0, 1.0]","[0.8888888888888888, 0.8888888888888888, 0.8888888888888888, 0.8888888888888888, 0.8888888888888888]",0.9375,0.0,stage1
mbpp:660,phase3a,0,5,"[1.0, 1.0, 1.0, 1.0, 1.0]","[1.0, 1.0, 1.0, 1.0, 1.0]",0.9375,0.0,stage1
mbpp:668,phase2,1,44,"[1.0, 1.0, 1.0, 1.0, 1.0]","[0.7142857142857143, 0.7142857142857143, 0.7142857142857143, 0.7142857142857143, 0.7142857142857143]",0.9230769230769231,0.0,stage1
mbpp:668,phase3a,1,44,"[1.0, 1.0, 1.0, 1.0, 1.0]","[1.0, 1.0, 1.0, 1.0, 1.0]",0.9375,0.0,stage1
mbpp:669,phase2,1,7,"[1.0, 1.0, 1.0, 1.0, 1.0]","[1.0, 1.0, 1.0, 1.0, 1.0]",0.9411764705882353,0.0,stage1
mbpp:669,phase3a,1,7,"[1.0, 1.0, 1.0, 1.0, 1.0]","[1.0, 1.0, 1.0, 1.0, 1.0]",0.9090909090909091,0.0,stage1
mbpp:673,phase2,1,41,"[1.0, 1.0, 1.0, 1.0, 1.0]","[1.0, 1.0, 1.0, 1.0, 1.0]",1.0,0.0,checker_approved_proposal
mbpp:673,phase3a,1,41,"[1.0, 1.0, 1.0, 1.0, 1.0]","[1.0, 1.0, 1.0, 1.0, 1.0]",1.0,0.0,sink_output
mbpp:676,phase2,2,59,"[1.0, 1.0, 1.0, 1.0, 1.0]","[1.0, 1.0, 1.0, 1.0, 1.0]",1.0,0.0,sink_output
mbpp:676,phase3a,2,59,"[0.8888888888888888, 0.7777777777777778, 0.7777777777777778, 0.6666666666666666, 0.6666666666666666]","[1.0, 1.0, 1.0, 1.0, 0.8333333333333334]",1.0,0.0,sink_output
mbpp:680,phase2,0,20,"[1.0, 1.0, 1.0, 1.0, 1.0]","[1.0, 1.0, 1.0, 1.0, 1.0]",1.0,0.0,sink_output
mbpp:680,phase3a,0,20,"[1.0, 1.0, 1.0, 1.0, 1.0]","[1.0, 1.0, 0.8333333333333334, 1.0, 1.0]",1.0,0.0,sink_output
mbpp:690,phase2,0,45,"[0.8888888888888888, 0.7777777777777778, 0.7777777777777778, 0.6666666666666666, 0.6666666666666666]","[1.0, 1.0, 0.8571428571428571, 0.8571428571428571, 1.0]",1.0,0.0,sink_output
mbpp:690,phase3a,0,45,"[1.0, 1.0, 1.0, 1.0, 1.0]","[1.0, 1.0, 1.0, 1.0, 1.0]",1.0,0.0,sink_output
mbpp:698,phase2,1,2,"[1.0, 1.0, 1.0, 1.0, 1.0]","[0.8333333333333334, 0.8333333333333334, 0.8333333333333334, 0.8333333333333334, 0.8333333333333334]",1.0,0.0,sink_output
mbpp:698,phase3a,1,2,"[1.0, 1.0, 1.0, 1.0, 1.0]","[1.0, 1.0, 1.0, 1.0, 1.0]",0.9411764705882353,0.0,stage1
mbpp:706,phase2,1,18,"[0.8888888888888888, 0.7777777777777778, 0.7777777777777778, 0.6666666666666666, 0.6666666666666666]","[1.0, 1.0, 1.0, 1.0, 1.0]",0.9090909090909091,0.0,stage1
mbpp:706,phase3a,1,18,"[1.0, 1.0, 1.0, 1.0, 1.0]","[1.0, 1.0, 1.0, 1.0, 1.0]",0.9090909090909091,0.0,stage1
mbpp:713,phase2,2,4,"[0.8888888888888888, 0.7777777777777778, 0.7777777777777778, 0.6666666666666666, 0.6666666666666666]","[1.0, 1.0, 0.8571428571428571, 1.0, 1.0]",1.0,0.0,sink_output
mbpp:713,phase3a,2,4,"[1.0, 1.0, 1.0, 1.0, 1.0]","[1.0, 1.0, 1.0, 0.875, 0.875]",1.0,0.0,sink_output
mbpp:72,phase2,0,31,"[1.0, 1.0, 1.0, 1.0, 1.0]","[0.7777777777777778, 0.7777777777777778, 0.7777777777777778, 0.7777777777777778, 0.7777777777777778]",1.0,0.0,sink_output
mbpp:72,phase3a,0,31,"[1.0, 1.0, 1.0, 1.0, 1.0]","[0.7142857142857143, 0.7142857142857143, 0.7142857142857143, 0.7142857142857143, 0.7142857142857143]",0.9,0.0,stage1
mbpp:721,phase2,0,34,"[1.0, 1.0, 1.0, 1.0, 1.0]","[1.0, 1.0, 1.0, 1.0, 1.0]",0.9375,0.0,stage1
mbpp:721,phase3a,0,34,"[1.0, 1.0, 1.0, 1.0, 1.0]","[1.0, 1.0, 1.0, 1.0, 1.0]",0.9375,0.0,stage1
mbpp:722,phase2,1,52,"[1.0, 1.0, 1.0, 1.0, 1.0]","[0.75, 0.75, 0.75, 0.75, 0.75]",0.8,0.0,stage1
mbpp:722,phase3a,1,52,"[1.0, 1.0, 1.0, 1.0, 1.0]","[0.625, 0.625, 0.625, 0.625, 0.625]",1.0,0.0,sink_output
mbpp:726,phase2,2,41,"[1.0, 1.0, 1.0, 1.0, 1.0]","[1.0, 1.0, 1.0, 1.0, 1.0]",1.0,0.0,sink_output
mbpp:726,phase3a,2,41,"[1.0, 1.0, 1.0, 1.0, 1.0]","[1.0, 1.0, 1.0, 1.0, 1.0]",1.0,0.0,sink_output
mbpp:735,phase2,1,8,"[1.0, 1.0, 1.0, 1.0, 1.0]","[1.0, 1.0, 1.0, 1.0, 1.0]",1.0,6.0,stage1_anchor
mbpp:735,phase3a,1,8,"[1.0, 1.0, 1.0, 1.0, 1.0]","[0.8888888888888888, 0.8888888888888888, 0.8888888888888888, 0.8888888888888888, 0.8888888888888888]",1.0,5.0,stage1_anchor
mbpp:737,phase2,2,60,"[1.0, 1.0, 1.0, 1.0, 1.0]","[0.6666666666666666, 0.6666666666666666, 0.6666666666666666, 0.6666666666666666, 0.6666666666666666]",1.0,0.0,checker_approved_proposal
mbpp:737,phase3a,2,60,"[1.0, 1.0, 1.0, 1.0, 1.0]","[0.7777777777777778, 0.7777777777777778, 0.7777777777777778, 0.7777777777777778, 0.7777777777777778]",1.0,0.0,sink_output
mbpp:74,phase2,1,10,"[1.0, 1.0, 1.0, 1.0, 1.0]","[1.0, 1.0, 1.0, 1.0, 1.0]",0.9375,0.0,stage1
mbpp:74,phase3a,1,10,"[1.0, 1.0, 1.0, 1.0, 1.0]","[1.0, 1.0, 1.0, 1.0, 1.0]",0.9375,0.0,stage1
mbpp:740,phase2,2,37,"[1.0, 1.0, 1.0, 1.0, 1.0]","[0.875, 0.875, 0.875, 0.875, 0.875]",0.8461538461538461,0.0,stage1
mbpp:740,phase3a,2,37,"[0.875, 0.75, 0.75, 0.625, 0.625]","[1.0, 1.0, 1.0, 0.625, 0.875]",0.8571428571428571,0.0,stage1
mbpp:742,phase2,2,39,"[1.0, 1.0, 1.0, 1.0, 1.0]","[1.0, 1.0, 1.0, 1.0, 1.0]",1.0,0.0,sink_output
mbpp:742,phase3a,2,39,"[1.0, 1.0, 1.0, 1.0, 1.0]","[1.0, 1.0, 1.0, 1.0, 1.0]",1.0,0.0,checker_approved_proposal
mbpp:75,phase2,0,40,"[1.0, 1.0, 1.0, 1.0, 1.0]","[0.8571428571428571, 0.8571428571428571, 0.8571428571428571, 0.8571428571428571, 0.8571428571428571]",0.9230769230769231,0.0,stage1
mbpp:75,phase3a,0,40,"[1.0, 1.0, 1.0, 1.0, 1.0]","[1.0, 1.0, 1.0, 1.0, 1.0]",1.0,0.0,sink_output
mbpp:761,phase2,2,48,"[1.0, 1.0, 1.0, 1.0, 1.0]","[1.0, 1.0, 1.0, 1.0, 1.0]",1.0,6.0,stage1_anchor
mbpp:761,phase3a,2,48,"[1.0, 1.0, 1.0, 1.0, 1.0]","[0.5714285714285714, 0.5714285714285714, 0.5714285714285714, 0.5714285714285714, 0.5714285714285714]",1.0,7.0,stage1_anchor
mbpp:764,phase2,1,29,"[1.0, 1.0, 1.0, 1.0, 1.0]","[1.0, 1.0, 1.0, 1.0, 1.0]",1.0,0.0,sink_output
mbpp:764,phase3a,1,29,"[1.0, 1.0, 1.0, 1.0, 1.0]","[1.0, 1.0, 1.0, 1.0, 1.0]",1.0,0.0,checker_approved_proposal
mbpp:770,phase2,0,15,"[1.0, 1.0, 1.0, 1.0, 1.0]","[0.7777777777777778, 0.7777777777777778, 0.7777777777777778, 0.7777777777777778, 0.7777777777777778]",0.9,0.0,stage1
mbpp:770,phase3a,0,15,"[1.0, 1.0, 1.0, 1.0, 1.0]","[1.0, 1.0, 1.0, 1.0, 1.0]",1.0,0.0,checker_approved_proposal
mbpp:79,phase2,2,40,"[1.0, 1.0, 1.0, 1.0, 1.0]","[0.6666666666666666, 0.6666666666666666, 0.6666666666666666, 0.6666666666666666, 0.6666666666666666]",0.9444444444444444,0.0,stage1
mbpp:79,phase3a,2,40,"[1.0, 1.0, 1.0, 1.0, 1.0]","[1.0, 1.0, 1.0, 1.0, 1.0]",1.0,0.0,sink_output
mbpp:791,phase2,1,1,"[1.0, 1.0, 1.0, 1.0, 1.0]","[1.0, 1.0, 1.0, 1.0, 1.0]",0.9375,0.0,stage1
mbpp:791,phase3a,1,1,"[1.0, 1.0, 1.0, 1.0, 1.0]","[0.7777777777777778, 0.7777777777777778, 0.7777777777777778, 0.7777777777777778, 0.7777777777777778]",0.9375,0.0,stage1
mbpp:794,phase2,0,28,"[1.0, 1.0, 1.0, 1.0, 1.0]","[1.0, 1.0, 1.0, 1.0, 1.0]",0.9230769230769231,0.0,stage1
mbpp:794,phase3a,0,28,"[1.0, 1.0, 1.0, 1.0, 1.0]","[1.0, 1.0, 1.0, 1.0, 1.0]",0.9411764705882353,0.0,stage1
mbpp:795,phase2,0,10,"[1.0, 1.0, 1.0, 1.0, 1.0]","[1.0, 1.0, 1.0, 1.0, 1.0]",0.8571428571428571,0.0,stage1
mbpp:795,phase3a,0,10,"[0.8571428571428571, 0.7142857142857143, 0.7142857142857143, 0.5714285714285714, 0.5714285714285714]","[1.0, 1.0, 1.0, 1.0, 0.8571428571428571]",0.9,0.0,stage1
mbpp:796,phase2,1,20,"[1.0, 1.0, 1.0, 1.0, 1.0]","[1.0, 1.0, 1.0, 1.0, 1.0]",0.875,0.0,sink_output
mbpp:796,phase3a,1,20,"[0.75, 0.625, 0.625, 0.5, 0.5]","[1.0, 1.0, 1.0, 1.0, 0.6666666666666666]",0.8,0.0,sink_output
mbpp:810,phase2,2,16,"[1.0, 1.0, 1.0, 1.0, 1.0]","[1.0, 1.0, 1.0, 1.0, 1.0]",0.9375,0.0,stage1
mbpp:810,phase3a,2,16,"[1.0, 1.0, 1.0, 1.0, 1.0]","[1.0, 1.0, 1.0, 1.0, 1.0]",0.9375,0.0,stage1
mbpp:811,phase2,2,19,"[1.0, 1.0, 1.0, 1.0, 1.0]","[1.0, 0.6666666666666666, 0.6666666666666666, 0.6666666666666666, 1.0]",1.0,0.0,sink_output
mbpp:811,phase3a,2,19,"[1.0, 1.0, 1.0, 1.0, 1.0]","[1.0, 1.0, 1.0, 1.0, 1.0]",1.0,0.0,sink_output
mbpp:822,phase2,2,8,"[1.0, 1.0, 1.0, 1.0, 1.0]","[1.0, 1.0, 1.0, 1.0, 1.0]",0.9166666666666666,0.0,stage1
mbpp:822,phase3a,2,8,"[1.0, 1.0, 1.0, 1.0, 1.0]","[1.0, 1.0, 1.0, 1.0, 1.0]",0.9523809523809523,0.0,stage1
mbpp:83,phase2,0,26,"[1.0, 1.0, 1.0, 1.0, 1.0]","[1.0, 1.0, 1.0, 1.0, 1.0]",0.9411764705882353,0.0,stage2
mbpp:83,phase3a,0,26,"[1.0, 1.0, 1.0, 1.0, 1.0]","[0.8571428571428571, 0.8571428571428571, 0.8571428571428571, 0.8571428571428571, 0.8571428571428571]",0.9375,0.0,stage1
mbpp:830,phase2,1,58,"[1.0, 1.0, 1.0, 0.75, 0.375]","[1.0, 1.0, 1.0, 1.0, 1.0]",0.9090909090909091,0.0,stage1
mbpp:830,phase3a,1,58,"[0.8888888888888888, 0.7777777777777778, 0.7777777777777778, 0.6666666666666666, 0.6666666666666666]","[1.0, 1.0, 0.7142857142857143, 0.7142857142857143, 0.7142857142857143]",0.9166666666666666,0.0,stage1
mbpp:833,phase2,1,6,"[1.0, 1.0, 1.0, 1.0, 1.0]","[0.8888888888888888, 0.8888888888888888, 0.8888888888888888, 0.8888888888888888, 0.8888888888888888]",1.0,0.0,sink_output
mbpp:833,phase3a,1,6,"[1.0, 1.0, 1.0, 1.0, 1.0]","[0.7142857142857143, 0.7142857142857143, 0.7142857142857143, 0.7142857142857143, 0.7142857142857143]",0.6666666666666666,0.0,stage1
mbpp:839,phase2,1,64,"[1.0, 1.0, 0.75, 0.5, 0.5]","[1.0, 1.0, 1.0, 0.8333333333333334, 0.6666666666666666]",1.0,0.0,sink_output
mbpp:839,phase3a,1,64,"[1.0, 1.0, 1.0, 1.0, 1.0]","[1.0, 1.0, 1.0, 1.0, 1.0]",1.0,0.0,sink_output
mbpp:841,phase2,0,49,"[1.0, 1.0, 1.0, 1.0, 1.0]","[1.0, 1.0, 1.0, 1.0, 1.0]",1.0,0.0,sink_output
mbpp:841,phase3a,0,49,"[1.0, 1.0, 1.0, 1.0, 1.0]","[1.0, 1.0, 1.0, 1.0, 1.0]",0.9090909090909091,0.0,stage1
mbpp:85,phase2,1,57,"[1.0, 1.0, 1.0, 0.625, 0.75]","[1.0, 1.0, 1.0, 1.0, 0.8571428571428571]",1.0,0.0,sink_output
mbpp:85,phase3a,1,57,"[1.0, 1.0, 1.0, 1.0, 1.0]","[1.0, 1.0, 1.0, 1.0, 1.0]",1.0,0.0,sink_output
mbpp:852,phase2,2,62,"[1.0, 1.0, 1.0, 1.0, 1.0]","[0.7142857142857143, 0.7142857142857143, 0.7142857142857143, 0.7142857142857143, 0.7142857142857143]",1.0,0.0,checker_approved_proposal
mbpp:852,phase3a,2,62,"[1.0, 1.0, 1.0, 1.0, 1.0]","[0.6666666666666666, 0.6666666666666666, 0.6666666666666666, 0.6666666666666666, 0.6666666666666666]",1.0,0.0,checker_approved_proposal
mbpp:853,phase2,1,40,"[1.0, 1.0, 1.0, 1.0, 1.0]","[1.0, 1.0, 1.0, 1.0, 1.0]",0.9375,0.0,stage1
mbpp:853,phase3a,1,40,"[0.8571428571428571, 0.7142857142857143, 0.7142857142857143, 0.5714285714285714, 0.5714285714285714]","[1.0, 1.0, 1.0, 1.0, 1.0]",0.875,0.0,stage1
mbpp:859,phase2,0,7,"[1.0, 1.0, 1.0, 1.0, 1.0]","[1.0, 1.0, 1.0, 1.0, 1.0]",1.0,3.0,stage1_anchor
mbpp:859,phase3a,0,7,"[1.0, 1.0, 1.0, 1.0, 1.0]","[1.0, 1.0, 1.0, 1.0, 1.0]",1.0,6.0,stage1_anchor
mbpp:860,phase2,2,0,"[1.0, 1.0, 1.0, 1.0, 1.0]","[1.0, 1.0, 1.0, 1.0, 1.0]",0.9375,0.0,stage1
mbpp:860,phase3a,2,0,"[1.0, 1.0, 1.0, 1.0, 1.0]","[1.0, 1.0, 1.0, 1.0, 1.0]",0.9090909090909091,0.0,stage1
mbpp:864,phase2,0,1,"[1.0, 1.0, 1.0, 1.0, 1.0]","[1.0, 1.0, 1.0, 1.0, 1.0]",0.75,0.0,stage1
mbpp:864,phase3a,0,1,"[1.0, 1.0, 1.0, 1.0, 1.0]","[0.7142857142857143, 0.7142857142857143, 0.7142857142857143, 0.7142857142857143, 0.7142857142857143]",1.0,0.0,sink_output
mbpp:874,phase2,1,3,"[1.0, 1.0, 1.0, 1.0, 1.0]","[0.875, 0.875, 0.875, 0.875, 0.875]",0.9375,0.0,stage1
mbpp:874,phase3a,1,3,"[1.0, 1.0, 1.0, 1.0, 1.0]","[0.875, 0.875, 0.875, 0.875, 0.875]",0.9375,0.0,stage1
mbpp:875,phase2,2,29,"[1.0, 1.0, 1.0, 1.0, 1.0]","[0.8888888888888888, 0.8888888888888888, 0.8888888888888888, 0.8888888888888888, 0.8888888888888888]",1.0,0.0,sink_output
mbpp:875,phase3a,2,29,"[1.0, 1.0, 1.0, 1.0, 1.0]","[1.0, 1.0, 1.0, 1.0, 1.0]",1.0,0.0,sink_output
mbpp:88,phase2,1,25,"[1.0, 1.0, 1.0, 1.0, 1.0]","[1.0, 1.0, 1.0, 1.0, 1.0]",0.9,0.0,stage1
mbpp:88,phase3a,1,25,"[1.0, 1.0, 1.0, 1.0, 1.0]","[1.0, 1.0, 1.0, 1.0, 1.0]",0.9090909090909091,0.0,stage1
mbpp:888,phase2,2,1,"[1.0, 1.0, 1.0, 1.0, 1.0]","[0.75, 0.75, 0.75, 0.75, 0.75]",0.9375,0.0,stage1
mbpp:888,phase3a,2,1,"[1.0, 1.0, 1.0, 1.0, 1.0]","[0.75, 0.75, 0.75, 0.75, 0.75]",0.9375,0.0,stage1
mbpp:893,phase2,2,49,"[1.0, 1.0, 1.0, 1.0, 1.0]","[1.0, 1.0, 1.0, 1.0, 1.0]",0.9166666666666666,0.0,checker_approved_proposal
mbpp:893,phase3a,2,49,"[1.0, 1.0, 1.0, 1.0, 1.0]","[1.0, 1.0, 1.0, 1.0, 1.0]",0.875,0.0,sink_output
mbpp:899,phase2,2,51,"[1.0, 1.0, 1.0, 1.0, 1.0]","[1.0, 1.0, 1.0, 1.0, 1.0]",0.9375,0.0,stage1
mbpp:899,phase3a,2,51,"[1.0, 1.0, 1.0, 1.0, 1.0]","[0.6666666666666666, 0.6666666666666666, 0.6666666666666666, 0.6666666666666666, 0.6666666666666666]",0.9375,0.0,stage1
mbpp:90,phase2,2,12,"[1.0, 1.0, 1.0, 1.0, 1.0]","[1.0, 1.0, 1.0, 1.0, 1.0]",1.0,0.0,sink_output
mbpp:90,phase3a,2,12,"[1.0, 1.0, 1.0, 1.0, 1.0]","[0.875, 0.875, 0.875, 0.875, 0.875]",0.8333333333333334,0.0,stage1
mbpp:901,phase2,1,59,"[1.0, 0.8888888888888888, 0.8888888888888888, 0.6666666666666666, 0.7777777777777778]","[1.0, 1.0, 1.0, 1.0, 1.0]",0.9333333333333333,0.0,stage1
mbpp:901,phase3a,1,59,"[1.0, 1.0, 1.0, 1.0, 1.0]","[1.0, 1.0, 1.0, 1.0, 1.0]",1.0,0.0,sink_output
mbpp:902,phase2,1,21,"[1.0, 1.0, 1.0, 1.0, 1.0]","[1.0, 1.0, 1.0, 1.0, 1.0]",0.9473684210526315,0.0,stage1
mbpp:902,phase3a,1,21,"[1.0, 1.0, 1.0, 1.0, 1.0]","[1.0, 1.0, 1.0, 1.0, 1.0]",0.9375,0.0,stage1
mbpp:907,phase2,0,33,"[1.0, 1.0, 1.0, 1.0, 1.0]","[0.875, 0.875, 0.875, 0.875, 0.875]",1.0,5.0,stage1_anchor
mbpp:907,phase3a,0,33,"[1.0, 1.0, 1.0, 1.0, 1.0]","[1.0, 1.0, 1.0, 1.0, 1.0]",1.0,6.0,stage1_anchor
mbpp:922,phase2,2,34,"[1.0, 1.0, 1.0, 1.0, 1.0]","[1.0, 1.0, 1.0, 1.0, 1.0]",0.9375,0.0,stage1
mbpp:922,phase3a,2,34,"[1.0, 1.0, 1.0, 1.0, 1.0]","[1.0, 1.0, 1.0, 1.0, 1.0]",1.0,4.0,sink_output
mbpp:939,phase2,0,22,"[1.0, 1.0, 1.0, 1.0, 1.0]","[1.0, 1.0, 1.0, 1.0, 1.0]",1.0,0.0,sink_output
mbpp:939,phase3a,0,22,"[1.0, 1.0, 1.0, 1.0, 1.0]","[1.0, 1.0, 1.0, 1.0, 1.0]",1.0,0.0,sink_output
mbpp:949,phase2,0,3,"[1.0, 1.0, 1.0, 1.0, 1.0]","[0.8888888888888888, 0.8888888888888888, 0.8888888888888888, 0.8888888888888888, 0.8888888888888888]",1.0,5.0,stage1_anchor
mbpp:949,phase3a,0,3,"[0.8888888888888888, 0.7777777777777778, 0.7777777777777778, 0.6666666666666666, 0.6666666666666666]","[1.0, 1.0, 0.8571428571428571, 0.7142857142857143, 0.7142857142857143]",1.0,4.0,sink_output
mbpp:951,phase2,2,61,"[1.0, 1.0, 1.0, 1.0, 1.0]","[0.8571428571428571, 0.8571428571428571, 0.8571428571428571, 0.8571428571428571, 0.8571428571428571]",1.0,0.0,sink_output
mbpp:951,phase3a,2,61,"[1.0, 1.0, 1.0, 1.0, 1.0]","[0.7142857142857143, 0.7142857142857143, 0.7142857142857143, 0.7142857142857143, 0.7142857142857143]",0.9333333333333333,0.0,stage1
mbpp:952,phase2,0,37,"[1.0, 1.0, 1.0, 1.0, 1.0]","[1.0, 1.0, 1.0, 1.0, 1.0]",1.0,5.0,stage1_anchor
mbpp:952,phase3a,0,37,"[1.0, 1.0, 1.0, 1.0, 1.0]","[1.0, 1.0, 1.0, 1.0, 1.0]",0.9166666666666666,6.0,stage1_anchor
mbpp:953,phase2,1,24,"[1.0, 1.0, 1.0, 1.0, 1.0]","[0.5714285714285714, 0.5714285714285714, 0.5714285714285714, 0.5714285714285714, 0.5714285714285714]",0.9333333333333333,0.0,stage1
mbpp:953,phase3a,1,24,"[1.0, 1.0, 1.0, 1.0, 1.0]","[1.0, 1.0, 1.0, 1.0, 1.0]",0.9444444444444444,0.0,stage1
mbpp:956,phase2,2,56,"[0.8888888888888888, 0.7777777777777778, 0.7777777777777778, 0.6666666666666666, 0.6666666666666666]","[1.0, 1.0, 1.0, 1.0, 1.0]",0.9090909090909091,0.0,stage1
mbpp:956,phase3a,2,56,"[1.0, 1.0, 1.0, 1.0, 1.0]","[0.875, 0.875, 0.875, 0.875, 0.875]",1.0,0.0,sink_output
mbpp:958,phase2,0,24,"[1.0, 1.0, 1.0, 1.0, 1.0]","[1.0, 1.0, 1.0, 1.0, 1.0]",0.9090909090909091,0.0,stage1
mbpp:958,phase3a,0,24,"[1.0, 1.0, 1.0, 1.0, 1.0]","[1.0, 1.0, 1.0, 1.0, 1.0]",0.9230769230769231,0.0,stage1
mbpp:962,phase2,2,17,"[1.0, 1.0, 1.0, 1.0, 1.0]","[1.0, 1.0, 1.0, 1.0, 1.0]",1.0,5.0,stage1_anchor
mbpp:962,phase3a,2,17,"[1.0, 1.0, 1.0, 1.0, 1.0]","[1.0, 1.0, 1.0, 1.0, 1.0]",1.0,4.0,stage1_anchor
mbpp:965,phase2,2,54,"[0.875, 0.75, 0.75, 0.625, 0.625]","[1.0, 1.0, 1.0, 1.0, 1.0]",1.0,0.0,sink_output
mbpp:965,phase3a,2,54,"[1.0, 1.0, 1.0, 1.0, 1.0]","[1.0, 1.0, 1.0, 1.0, 1.0]",0.8823529411764706,0.0,stage1
mbpp:968,phase2,2,5,"[1.0, 1.0, 1.0, 1.0, 1.0]","[1.0, 1.0, 1.0, 1.0, 1.0]",0.9090909090909091,0.0,stage1
mbpp:968,phase3a,2,5,"[1.0, 1.0, 1.0, 1.0, 1.0]","[1.0, 1.0, 1.0, 1.0, 1.0]",0.9375,0.0,stage1
mbpp:972,phase2,1,13,"[1.0, 1.0, 1.0, 1.0, 1.0]","[0.8571428571428571, 0.8571428571428571, 0.8571428571428571, 0.8571428571428571, 0.8571428571428571]",1.0,0.0,sink_output
mbpp:972,phase3a,1,13,"[1.0, 1.0, 1.0, 1.0, 1.0]","[1.0, 1.0, 1.0, 1.0, 1.0]",0.8571428571428571,0.0,stage1
